"region","rainfall_mm","temperature_C","fertiliser_kgha","chem_weed_control_kgha","irrigation","soil_organic_matter","seed_brand","tractor_brand","yield_tha"
"Free State",771.5,28.03,242.33,184.12,"Rainfed",3.679,"Pannar","John Deere",5.67944712646603
"Mpumalanga",784.8,26,254.32,199.8,"Irrigated",3.519,"Dekalb","New Holland",7.62433580220559
"Free State",1026.7,19.62,162.45,198.42,"Rainfed",3.937,"Pioneer","John Deere",8.61093895093315
"North West",300.1,29.95,87.25,170.33,"Rainfed",3.481,"Pannar","John Deere",3.32939173652229
"North West",416,26.61,232.53,203.61,"Rainfed",3.467,"Pioneer","Case",4.39390957076695
"Free State",578.4,20.78,183.73,324.45,"Rainfed",3.719,"Dekalb","John Deere",6.7824584957412
"Free State",736.1,19.21,130.05,180,"Rainfed",3.585,"Pioneer","John Deere",6.73212247085228
"North West",600.4,25.33,212.59,140.7,"Rainfed",4.066,"Dekalb","John Deere",7.15173580880591
"Free State",880.6,25.95,201.99,184.21,"Rainfed",3.382,"Pannar","Case",7.01717332064291
"Free State",584.4,22.02,349.46,263.11,"Rainfed",3.841,"Pannar","New Holland",8.18544271502466
"North West",669.9,27.2,141.8,149.62,"Rainfed",3.593,"Pioneer","John Deere",4.23026564212041
"Free State",317,23.98,243.31,131.26,"Rainfed",3.243,"Dekalb","Case",3.92910534951339
"Mpumalanga",1039,24.83,179.59,147.54,"Rainfed",3.727,"Dekalb","John Deere",7.75306981813977
"Free State",879.3,19.45,182.65,266.55,"Irrigated",3.665,"Pannar","John Deere",7.91099099239176
"Free State",320.9,20.26,279.73,155.5,"Rainfed",3.5,"Pannar","John Deere",4.81233907474001
"North West",740,31.58,97.74,337.97,"Rainfed",3.388,"Dekalb","John Deere",4.89241753408088
"Free State",360.1,21.75,245.65,301.7,"Irrigated",3.511,"Dekalb","New Holland",7.27360523681555
"Free State",549.8,20.15,230.96,201,"Rainfed",3.711,"Dekalb","Case",5.80795853041222
"Free State",605.6,18.39,222,165.51,"Rainfed",3.527,"Pannar","Case",5.16256340787921
"North West",317.7,24.39,135.6,176.47,"Rainfed",3.528,"Dekalb","New Holland",3.33438792679112
"North West",454.4,25.98,178.23,226.79,"Irrigated",3.339,"Pannar","John Deere",5.44162685991799
"Mpumalanga",270.9,26.67,206.99,277.26,"Rainfed",3.709,"Pioneer","John Deere",5.41899334421778
"Mpumalanga",520.2,26.66,193.27,195.88,"Rainfed",3.519,"Pioneer","Case",5.77237681981392
"North West",482.7,29.71,120.19,337.51,"Rainfed",3.255,"Pioneer","Case",4.84938548502227
"Mpumalanga",854.9,22.37,151.45,279.01,"Rainfed",3.685,"Pioneer","Case",6.5584862520844
"Mpumalanga",580.5,24.32,129.52,199.14,"Rainfed",3.725,"Pannar","John Deere",5.56065316672822
"Free State",628.8,19.89,101.5,122.31,"Rainfed",3.717,"Pannar","New Holland",5.89864002486186
"Free State",835.7,19.02,348.65,180.63,"Irrigated",3.809,"Pioneer","New Holland",9.93809645500231
"Free State",603.6,24.76,231.55,146.9,"Irrigated",3.973,"Pioneer","John Deere",5.98403115316122
"Free State",598.5,19.08,166.16,231.2,"Rainfed",3.743,"Pioneer","John Deere",6.75877684685775
"North West",503,33.37,327.97,260.25,"Rainfed",3.46,"Pioneer","New Holland",5.58396050305855
"North West",406.2,27.62,227.13,213.96,"Rainfed",3.386,"Pioneer","John Deere",5.74515102663673
"Mpumalanga",850.1,23.55,360.82,239.52,"Rainfed",4.06,"Dekalb","John Deere",8.14197148879743
"Mpumalanga",824.9,21.74,473.53,212.91,"Rainfed",4.005,"Pioneer","John Deere",10.7162813693765
"Free State",686.7,20.05,166.47,164.65,"Rainfed",3.402,"Dekalb","John Deere",6.03052049951755
"Free State",509.8,18.53,200.6,142.19,"Rainfed",3.874,"Dekalb","New Holland",6.18225264757232
"Mpumalanga",805,22.93,500,128.57,"Irrigated",4.039,"Pioneer","Case",11.0490458488276
"Free State",762.6,22.72,277.93,208.72,"Rainfed",3.823,"Dekalb","John Deere",7.83207646109845
"Free State",491,23.53,435.54,190.69,"Rainfed",3.404,"Pannar","John Deere",6.10885862231683
"Free State",755.1,19.15,247.99,500,"Rainfed",3.745,"Pannar","John Deere",7.8223457272324
"Free State",293.3,20.98,196.2,323.06,"Rainfed",3.473,"Pannar","John Deere",5.25497473199559
"Free State",753.3,20,334.03,243.62,"Rainfed",3.855,"Pannar","John Deere",7.77528297414539
"Free State",598.7,26.61,284.54,153.68,"Rainfed",3.183,"Pannar","John Deere",5.12652346309885
"Free State",404.2,19.49,164.33,122.86,"Rainfed",3.785,"Pannar","John Deere",6.10974071460176
"Free State",443.1,22.21,180.69,227.25,"Rainfed",3.261,"Pioneer","John Deere",5.71155918749192
"Free State",459.9,28.39,156,152.64,"Rainfed",3.419,"Dekalb","John Deere",3.57149296133021
"Free State",712.8,21.36,322.17,256.55,"Rainfed",3.559,"Pannar","John Deere",7.1674628635324
"Free State",595.7,18.06,157.31,202.13,"Rainfed",3.594,"Pannar","New Holland",5.27478262213242
"Free State",730.8,19.6,211.28,154.65,"Rainfed",3.578,"Pioneer","John Deere",6.2698869774978
"North West",705.4,28.15,129.62,192.7,"Rainfed",3.612,"Pannar","John Deere",5.71102854143053
"Free State",956.7,19.56,343.9,218.68,"Rainfed",3.888,"Pioneer","John Deere",8.66491482506429
"Free State",570.2,20.55,311.02,161.15,"Rainfed",3.702,"Dekalb","John Deere",6.49731895020071
"Mpumalanga",870.6,22.35,152.74,215.22,"Rainfed",3.873,"Pannar","New Holland",6.55384852127351
"Free State",498.6,22.79,169.36,168.92,"Irrigated",3.783,"Dekalb","Case",7.36506600880556
"Free State",549,27.12,250.51,336.45,"Rainfed",3.799,"Dekalb","New Holland",7.58653339877011
"Free State",693.8,21.48,184.33,214.26,"Rainfed",3.792,"Pannar","New Holland",6.81895987482843
"Free State",589.9,25.4,184.7,184.79,"Rainfed",3.543,"Dekalb","New Holland",5.16576353374326
"Mpumalanga",767.4,24.71,258.6,186.5,"Rainfed",3.542,"Dekalb","John Deere",6.34289996468594
"North West",517.7,27.11,325.36,152.5,"Irrigated",3.371,"Pioneer","New Holland",6.05120929741065
"Free State",485.5,17.98,131.03,311.13,"Rainfed",3.894,"Dekalb","John Deere",6.16500110015451
"Mpumalanga",844.7,22.1,107.22,189.51,"Rainfed",3.735,"Pannar","John Deere",6.93411172623887
"Free State",537.3,20.9,256.06,211.55,"Rainfed",4.056,"Pannar","New Holland",6.11878508171835
"Free State",439.4,22.9,111.93,216.54,"Rainfed",3.682,"Pioneer","Case",2.87467128553021
"Free State",570.3,26.14,194,177.02,"Rainfed",3.699,"Pioneer","John Deere",4.54449696634265
"Mpumalanga",1016.2,27.04,152.35,218.63,"Rainfed",3.709,"Pannar","New Holland",8.29452284238631
"Free State",458.3,27.33,191.2,466.83,"Rainfed",3.69,"Pannar","John Deere",6.74873801691032
"Mpumalanga",837.9,22.9,195.83,187.99,"Rainfed",3.946,"Pioneer","Case",6.90543874491799
"Mpumalanga",605.3,20.58,326.73,157.92,"Rainfed",3.322,"Dekalb","John Deere",6.92064353543946
"Mpumalanga",740.1,22.78,193.12,306.83,"Rainfed",3.691,"Pannar","John Deere",6.84379621279963
"Free State",743.3,21.81,165.25,138.73,"Rainfed",3.675,"Dekalb","John Deere",6.74144047595744
"Mpumalanga",1191.7,23.44,207.72,235.75,"Rainfed",3.987,"Pioneer","John Deere",8.60230160842149
"Mpumalanga",853.4,25.03,192.25,302.96,"Rainfed",4.105,"Dekalb","New Holland",6.96360771908569
"Mpumalanga",712.6,25.04,162.09,249.4,"Rainfed",4.027,"Pioneer","Case",5.23792807992514
"Free State",794.8,17.15,216.95,257.21,"Rainfed",3.95,"Pioneer","John Deere",7.13775347078896
"Free State",449,25.27,158.38,162.7,"Rainfed",3.595,"Dekalb","John Deere",4.33091769888932
"Free State",459,21.34,165.59,265.83,"Rainfed",4.115,"Dekalb","Case",6.11434743690367
"Free State",547.8,22.85,284.8,271.4,"Rainfed",3.807,"Pioneer","John Deere",6.96684493337928
"Mpumalanga",983.8,22.73,137.39,126.32,"Rainfed",3.52,"Dekalb","John Deere",7.62351388054132
"Free State",560.6,23.56,157.03,237.72,"Rainfed",3.42,"Dekalb","Case",6.16121714181492
"Free State",458.2,22.76,231.28,169.7,"Rainfed",3.595,"Dekalb","John Deere",6.08645960036404
"Free State",573.8,17.22,410.14,168.63,"Rainfed",4.021,"Pannar","John Deere",7.99325682248716
"Mpumalanga",816.5,24.72,220.09,215.39,"Rainfed",3.602,"Pannar","John Deere",6.35569430807634
"Free State",366.9,24.21,72.05,174.97,"Rainfed",3.565,"Pioneer","John Deere",3.69435092062743
"Mpumalanga",1125.5,21.48,348.8,249.42,"Rainfed",3.701,"Pioneer","John Deere",9.34369482078647
"Free State",419.3,23.19,173.4,332.8,"Rainfed",3.604,"Dekalb","New Holland",5.9544937479265
"Free State",614,22.46,235.75,217.84,"Irrigated",3.619,"Pannar","Case",6.13511240550705
"North West",581.3,27.86,173.01,152.02,"Rainfed",3.808,"Dekalb","John Deere",6.27462774082674
"North West",641.2,31.88,223.49,298.39,"Rainfed",3.876,"Pioneer","John Deere",5.20732975962403
"North West",415.7,27.2,292.67,211.44,"Rainfed",3.574,"Pannar","John Deere",5.38395502044672
"Free State",377.7,23.51,186.99,480.83,"Rainfed",3.592,"Pannar","John Deere",4.75898646118762
"Free State",845.4,24.64,130.85,165.78,"Rainfed",3.679,"Dekalb","New Holland",6.34910742326899
"Mpumalanga",1051.4,24.42,239.54,235.49,"Rainfed",4.028,"Pannar","John Deere",8.82643568122807
"Free State",725.2,25.05,324.67,246.55,"Rainfed",3.766,"Pioneer","John Deere",7.55119514635689
"Mpumalanga",730.1,22.44,360.6,242.07,"Rainfed",3.677,"Dekalb","John Deere",7.88768957568547
"Free State",774.2,27.43,183.02,191.54,"Rainfed",3.704,"Dekalb","John Deere",6.47689866020204
"Free State",582,22.39,270.71,149.6,"Rainfed",3.533,"Dekalb","Case",6.80522837824115
"Mpumalanga",853.6,26.84,144.57,317.27,"Rainfed",3.477,"Pannar","John Deere",6.31431934336508
"Free State",574.3,18.17,454.92,136.31,"Rainfed",3.872,"Dekalb","Case",7.09804525209739
"Free State",344.9,23.2,218.37,194.21,"Rainfed",3.657,"Dekalb","New Holland",5.67977828601798
"Free State",475.9,26.36,163.99,237.18,"Rainfed",3.606,"Dekalb","John Deere",4.71427646894503
"Free State",674.6,19.67,302.06,241.76,"Rainfed",3.703,"Dekalb","New Holland",8.26917365668318
"Free State",607.6,19.83,169.19,414.54,"Rainfed",4.026,"Dekalb","John Deere",8.26892955395833
"Free State",457.5,19.87,134.98,98.02,"Rainfed",3.423,"Dekalb","John Deere",4.92147044601734
"North West",276.9,25.25,149.82,165.83,"Rainfed",3.433,"Dekalb","New Holland",3.00984049219163
"Free State",734.1,20.27,211.09,112.69,"Rainfed",3.657,"Pannar","John Deere",7.33900847944792
"North West",187.3,29.76,240.35,147.05,"Rainfed",3.475,"Pannar","Case",4.9019260583934
"North West",288.6,22.32,149.32,216.4,"Rainfed",3.473,"Dekalb","John Deere",5.45035663131616
"Mpumalanga",907.7,23.31,212.64,135.07,"Rainfed",3.777,"Pannar","John Deere",6.63271845196202
"Free State",685.3,25.49,286.85,268.37,"Rainfed",3.782,"Dekalb","John Deere",6.51255928587938
"Free State",558.7,28.4,172.35,147.87,"Rainfed",3.285,"Pioneer","John Deere",4.8439547333651
"North West",1156.7,28.79,274.36,279.81,"Rainfed",3.796,"Pannar","John Deere",9.06275224623546
"Free State",746.8,23.8,241.18,170.04,"Rainfed",4.055,"Pioneer","John Deere",7.0756675957268
"Free State",387.4,17.79,138.23,144.61,"Rainfed",3.443,"Dekalb","John Deere",5.1844422088242
"North West",926.7,24.01,162.11,230.77,"Rainfed",3.944,"Dekalb","John Deere",8.70060361073636
"Mpumalanga",940.2,22.05,174.99,175.14,"Rainfed",3.585,"Dekalb","John Deere",7.35580182989834
"Free State",610.7,24.19,153.9,240.36,"Irrigated",3.758,"Pannar","John Deere",6.42170188693788
"Free State",261.3,23.16,153.28,219.57,"Rainfed",3.527,"Dekalb","John Deere",5.52631828451313
"North West",577,23.43,333.76,187.43,"Rainfed",3.776,"Dekalb","John Deere",6.85734677697824
"Free State",734.9,26.63,252.73,134.59,"Rainfed",3.673,"Dekalb","John Deere",7.47003699826466
"Free State",441.6,25.49,132.57,211.88,"Rainfed",3.649,"Pannar","Case",4.57464023143374
"Mpumalanga",1156.4,22.37,248.49,160.92,"Irrigated",4.23,"Dekalb","John Deere",9.91826320696324
"Free State",556.5,25.95,247.94,288.67,"Rainfed",3.518,"Pannar","New Holland",5.47767582226853
"Free State",599.4,18.1,337.87,201.46,"Rainfed",3.699,"Pioneer","Case",7.62573181056374
"Free State",547,24.31,167.15,261.27,"Rainfed",3.721,"Dekalb","Case",6.38287471557703
"Free State",554.8,20.73,118.67,221.91,"Rainfed",3.572,"Dekalb","John Deere",6.16620345235507
"North West",333.4,30.24,114.97,208.45,"Rainfed",3.681,"Pioneer","New Holland",3.28452267093223
"Free State",281.4,23.21,262.7,171.36,"Rainfed",3.586,"Pioneer","John Deere",3.83443520043969
"Free State",833.8,23.08,167.48,182.15,"Rainfed",3.79,"Dekalb","John Deere",7.28270346246999
"Free State",684.3,25.79,371.47,173.16,"Rainfed",3.508,"Dekalb","John Deere",8.56527426764435
"Mpumalanga",468.5,24.66,222.05,163.52,"Rainfed",3.854,"Dekalb","John Deere",6.29922467554585
"Mpumalanga",633.1,26.02,213.4,331.07,"Rainfed",3.857,"Dekalb","John Deere",8.56958337850414
"North West",684.2,23.22,329.46,160.67,"Rainfed",3.404,"Dekalb","New Holland",8.08474211405565
"Mpumalanga",743,22.1,115.09,220.56,"Rainfed",4.04,"Dekalb","John Deere",7.37141041976176
"Mpumalanga",640.9,26.99,285.61,236.84,"Rainfed",3.535,"Dekalb","John Deere",7.03857001559985
"Free State",327,24.34,342.43,97.66,"Rainfed",3.405,"Pannar","John Deere",3.36057474689498
"Mpumalanga",819.6,19.14,150.12,151.7,"Rainfed",3.618,"Pannar","New Holland",7.52239659304846
"Mpumalanga",668.7,21.11,176.77,139.25,"Rainfed",3.423,"Pannar","Case",5.99281790970601
"Mpumalanga",852,22.71,237.39,232.56,"Rainfed",3.932,"Pannar","New Holland",8.47945068825601
"North West",811.5,28.87,130.56,200.78,"Rainfed",3.336,"Dekalb","New Holland",4.95311272751703
"Free State",574.3,21.91,200.1,172.61,"Rainfed",3.432,"Dekalb","New Holland",6.25230400062031
"Free State",497.8,24.4,148.78,209.52,"Rainfed",3.352,"Pannar","New Holland",5.01367506625223
"Free State",528.7,25.28,210.97,179.48,"Rainfed",3.688,"Pannar","John Deere",6.66276042795368
"Free State",495.1,27.55,166.71,177.6,"Rainfed",3.421,"Dekalb","John Deere",4.47764487926834
"Free State",575.5,22.38,238.58,239.55,"Rainfed",3.658,"Dekalb","John Deere",6.5644035189749
"Mpumalanga",557.8,24.18,177.11,124.93,"Rainfed",3.468,"Dekalb","John Deere",4.92211826867032
"Free State",777.3,16.15,170.17,216.21,"Rainfed",3.898,"Pioneer","John Deere",7.45883762487925
"Free State",295.2,23.63,196.22,134.54,"Rainfed",3.38,"Pannar","John Deere",4.62352209298284
"Free State",1056.8,18.58,315.35,165.97,"Irrigated",4.302,"Dekalb","New Holland",9.93308945086453
"Free State",364.7,20.14,217.59,177.78,"Rainfed",3.594,"Dekalb","John Deere",5.50783484992964
"Mpumalanga",993.1,22.19,234.15,301.69,"Rainfed",3.724,"Dekalb","Case",9.14370160763113
"Mpumalanga",864.1,25.09,164.41,272.76,"Rainfed",3.984,"Dekalb","New Holland",6.95054654777955
"Free State",546.4,16.35,116.53,126.72,"Rainfed",3.681,"Dekalb","John Deere",5.27099450860375
"Free State",798.5,20.04,362.78,292.45,"Rainfed",3.653,"Pioneer","Case",7.90344663911349
"Free State",615.5,22.41,274.97,185.37,"Irrigated",3.503,"Pannar","New Holland",6.55784626328274
"Free State",357.5,20.41,114.42,216.14,"Rainfed",3.629,"Dekalb","John Deere",4.33882905185253
"Free State",690,22.76,126.05,308,"Rainfed",3.411,"Pannar","Case",5.78319326429142
"Free State",637,23.2,220.95,198.35,"Irrigated",3.976,"Pioneer","John Deere",7.20407291761607
"Free State",468.8,22.54,162.92,134.36,"Rainfed",3.391,"Pannar","Case",3.87044465059129
"Free State",872.8,13.63,214.49,223.55,"Rainfed",3.607,"Dekalb","John Deere",8.74821407378925
"Free State",599.7,29.83,337.65,186.44,"Irrigated",3.294,"Pannar","John Deere",6.37992540229407
"Free State",562.2,21.65,109.94,105.01,"Rainfed",3.4,"Pioneer","Case",5.3574872338054
"Free State",530,24.35,385.37,227.97,"Irrigated",3.794,"Dekalb","New Holland",7.41732707961893
"Mpumalanga",757,24.04,235.61,204.83,"Rainfed",3.325,"Pioneer","John Deere",6.12984302336805
"Free State",288.3,26.44,165.49,148.23,"Rainfed",3.338,"Pioneer","John Deere",3.96735212825216
"Free State",561.9,24.72,211.16,253.41,"Rainfed",3.59,"Pannar","John Deere",6.26315661936676
"Free State",434.1,22.15,130.08,113.36,"Rainfed",3.262,"Pioneer","New Holland",3.94021678947233
"Mpumalanga",977.4,23.36,313.21,177.27,"Rainfed",3.895,"Pioneer","John Deere",7.89961367925615
"Free State",542.6,19.51,251.73,191.17,"Rainfed",3.169,"Dekalb","John Deere",6.20351944744511
"Free State",803.9,23.87,129.93,149.08,"Rainfed",3.347,"Dekalb","John Deere",5.6503435888944
"Free State",469.9,21.26,131.15,182,"Rainfed",3.884,"Dekalb","New Holland",4.87314182600462
"Mpumalanga",548.3,29.16,175.9,150.27,"Rainfed",3.85,"Pannar","John Deere",5.57332005301601
"Free State",875.5,16.06,206.73,293.38,"Irrigated",4.077,"Pioneer","John Deere",9.19908791903966
"North West",741.5,25.16,166.76,386.59,"Irrigated",4.162,"Pannar","John Deere",7.68775773455426
"Mpumalanga",1057.2,23.94,180.93,300.65,"Rainfed",3.705,"Dekalb","Case",9.44438856095645
"Mpumalanga",538.7,25.38,167.84,330.79,"Rainfed",3.911,"Dekalb","John Deere",6.17435937846692
"Mpumalanga",713.4,22.49,123.51,162.57,"Rainfed",3.432,"Pannar","John Deere",5.06318616155496
"Free State",584.2,19.19,181.49,309.42,"Rainfed",3.863,"Pioneer","Case",6.27316248866241
"Free State",796.7,21.76,143.25,223.5,"Rainfed",3.378,"Dekalb","John Deere",6.71071932037828
"North West",588.5,27.12,99.38,151.85,"Rainfed",3.631,"Pioneer","John Deere",4.30869074545324
"Free State",312.2,17.9,127.94,137.74,"Rainfed",3.125,"Dekalb","John Deere",3.8556047225242
"Mpumalanga",969.7,22.71,163.3,352.2,"Rainfed",3.458,"Pioneer","New Holland",7.34518212513603
"Free State",860.9,21.64,354.92,226.73,"Rainfed",3.618,"Pioneer","John Deere",8.59842235643293
"Mpumalanga",750,23.87,169.14,207.23,"Rainfed",3.53,"Dekalb","Case",6.38703472564818
"Free State",600.4,18.95,222.53,270.01,"Rainfed",3.751,"Dekalb","Case",5.78687586952212
"Free State",692.3,23.18,170.91,140.41,"Rainfed",3.626,"Pioneer","John Deere",6.33024636927709
"Free State",645.3,26.07,158.15,287.26,"Rainfed",3.86,"Dekalb","John Deere",6.84624118208686
"Free State",634.3,23.35,131.88,163.36,"Rainfed",3.914,"Pioneer","John Deere",5.83414850207974
"Free State",482.7,19.18,105.93,109.76,"Rainfed",3.772,"Pannar","Case",5.50289708590509
"North West",999.3,24.21,252.42,233.55,"Rainfed",3.742,"Pioneer","John Deere",6.9986152799528
"North West",377.8,29.04,333.37,305.05,"Rainfed",3.522,"Dekalb","John Deere",6.11775321146801
"Free State",617.3,20.11,215.99,152.6,"Rainfed",3.671,"Pannar","John Deere",6.1756107638838
"Free State",893.7,14.47,240.82,129.68,"Rainfed",4.118,"Pioneer","John Deere",8.71644197177168
"North West",251.4,31.16,167.82,242.5,"Rainfed",3.335,"Pannar","John Deere",4.96995680704817
"Mpumalanga",1031.7,20.73,301.24,166.55,"Rainfed",3.764,"Pioneer","John Deere",8.46282438865439
"North West",754.6,24.78,233.7,183.39,"Rainfed",3.809,"Dekalb","John Deere",7.61115509954268
"Free State",570,26.75,104.53,233.95,"Rainfed",3.088,"Dekalb","John Deere",3.42517860280533
"Free State",365.9,20.73,86.57,225.55,"Rainfed",3.534,"Pannar","John Deere",4.41223996975871
"Mpumalanga",1024.6,24.11,205.09,199.99,"Rainfed",3.675,"Pioneer","New Holland",7.41494187995072
"Free State",395.7,19.15,119.54,274.24,"Rainfed",3.498,"Pannar","New Holland",3.98305550084276
"Free State",625.8,20.95,239.3,174.43,"Rainfed",3.822,"Pannar","New Holland",7.04431004837391
"Free State",345.6,22.91,146.61,242.87,"Rainfed",3.55,"Pannar","John Deere",6.13241348768717
"North West",394.2,24.44,264.29,198.94,"Rainfed",3.686,"Pannar","New Holland",4.90450181407816
"Mpumalanga",797.6,22.06,373.87,304.44,"Rainfed",3.834,"Pioneer","New Holland",8.76982408136705
"Free State",385.7,22.89,344.21,254.29,"Rainfed",3.453,"Dekalb","John Deere",5.44699661597389
"Free State",599.4,24.13,177.57,202.71,"Rainfed",3.409,"Pioneer","John Deere",6.89365888294625
"North West",250.6,23.56,120.93,162.65,"Rainfed",3.43,"Pannar","John Deere",4.49791224491832
"Free State",644.9,20.89,184.29,284.61,"Rainfed",4.089,"Pioneer","John Deere",6.61183439189291
"Free State",439.6,25.03,107.5,171.05,"Rainfed",3.154,"Dekalb","John Deere",3.82729599508409
"Free State",302.8,21.69,287.41,221.28,"Rainfed",3.607,"Dekalb","New Holland",5.59537222118883
"Free State",619.3,22.72,101.94,124.22,"Rainfed",3.5,"Dekalb","John Deere",5.40792322420017
"Free State",733,23.06,133.25,224.63,"Rainfed",3.518,"Pannar","Case",6.22081919032581
"Free State",765.9,22.26,247.43,162.41,"Rainfed",3.86,"Pioneer","New Holland",6.26458492847044
"Free State",934.6,22.74,237.97,271.28,"Rainfed",3.762,"Pioneer","John Deere",7.86106644107699
"Mpumalanga",1347.7,20.88,311.83,391.88,"Rainfed",4.329,"Pioneer","New Holland",8.91016939500158
"Free State",854.1,19.86,152.58,129.34,"Rainfed",3.62,"Dekalb","John Deere",8.03208844257681
"Mpumalanga",1266.2,16.17,151.86,281.45,"Rainfed",3.662,"Dekalb","John Deere",9.48054174729195
"Free State",718.2,21.37,285.43,178.86,"Rainfed",3.517,"Dekalb","New Holland",7.08011418372765
"Free State",930,22.09,257.36,146.06,"Rainfed",3.584,"Pioneer","John Deere",8.17861361504703
"Mpumalanga",1081.7,23.26,482.87,238.52,"Rainfed",4.136,"Pannar","New Holland",9.03494967623233
"North West",428.6,26.14,119.71,238.67,"Rainfed",3.502,"Pioneer","John Deere",3.93160723656719
"Free State",274.8,28.76,81.01,147.17,"Rainfed",3.474,"Pannar","New Holland",2.85120481011579
"North West",420.1,28.7,246.95,194.62,"Rainfed",3.551,"Pioneer","John Deere",3.90392409520134
"Mpumalanga",707.6,23.94,361.59,284.82,"Rainfed",3.943,"Pannar","Case",8.19979356670495
"Mpumalanga",892.2,25.49,198.02,247.37,"Rainfed",3.969,"Dekalb","Case",7.19497075834802
"Free State",412.4,20.71,251.18,197.35,"Rainfed",3.809,"Pioneer","Case",5.53380234839222
"Free State",557.2,20.94,159.95,128.45,"Rainfed",3.547,"Pioneer","John Deere",5.92635853909582
"Free State",644,29.13,289.94,163.15,"Rainfed",3.439,"Pioneer","John Deere",5.10070513227755
"Free State",419.3,22.87,207.44,219.44,"Rainfed",3.675,"Pioneer","John Deere",4.70204553725908
"Mpumalanga",853.9,26.37,246.23,191.39,"Rainfed",3.91,"Pioneer","John Deere",6.57800681263222
"North West",240.2,24.24,97.59,87.61,"Rainfed",3.22,"Pannar","John Deere",3.37786522719664
"Mpumalanga",892.9,22.56,167,251.23,"Rainfed",3.925,"Dekalb","Case",6.88761250571713
"Free State",462.3,23.8,146.59,374.76,"Rainfed",3.403,"Dekalb","John Deere",6.18883966855353
"Free State",753,22.41,233.73,301.03,"Irrigated",3.682,"Pioneer","New Holland",6.93715267025506
"Free State",503.8,19.49,110.99,156.36,"Rainfed",3.505,"Dekalb","John Deere",5.9119929997877
"Free State",617,22.11,242.36,136.28,"Rainfed",3.601,"Dekalb","John Deere",6.96755402298535
"Free State",415.9,19.62,126.43,145.02,"Rainfed",3.043,"Dekalb","John Deere",4.1202250649871
"Free State",651.9,24.05,215.77,232.15,"Rainfed",3.706,"Pioneer","John Deere",4.86355516562335
"Mpumalanga",476.3,26.78,101.33,188.35,"Rainfed",3.294,"Dekalb","New Holland",5.51216117183353
"Free State",773.6,14.75,149.07,188.49,"Rainfed",3.689,"Dekalb","New Holland",7.18851334217222
"Mpumalanga",662,26.34,480.44,269.49,"Irrigated",3.538,"Pioneer","Case",8.37266275116166
"Free State",661.8,18.15,238.96,145.02,"Rainfed",3.735,"Dekalb","John Deere",8.04325540321673
"Mpumalanga",772.4,24.34,206.36,226.04,"Rainfed",3.642,"Dekalb","John Deere",7.42703587983648
"Free State",620,24.02,128.9,239.55,"Rainfed",3.788,"Pannar","John Deere",5.52785552924395
"Mpumalanga",1442.1,20.35,202.87,383.97,"Rainfed",4.193,"Pioneer","Case",9.17803375875202
"Free State",391.6,21.02,121.55,83.56,"Rainfed",3.64,"Pioneer","John Deere",4.20325902973125
"Mpumalanga",1065.8,22.59,256.02,187.08,"Rainfed",3.466,"Dekalb","John Deere",8.39457654323491
"Free State",792.9,22.66,430.38,115.1,"Rainfed",3.908,"Dekalb","New Holland",8.84082780231664
"North West",579.5,29.85,345.38,179.87,"Rainfed",3.214,"Pioneer","John Deere",6.4254043677309
"North West",450.3,21.56,193.66,268.05,"Rainfed",4.069,"Pannar","Case",6.1779114371786
"Mpumalanga",625.4,20.74,166.13,173.13,"Rainfed",3.688,"Pannar","John Deere",5.64158284227307
"Free State",647.1,26.22,329.31,185.51,"Rainfed",3.432,"Pioneer","John Deere",8.20885496761508
"Free State",876.9,24.15,319.67,268.87,"Rainfed",3.805,"Pannar","Case",7.90361033255142
"Free State",506.9,23.8,171.97,158.08,"Rainfed",3.61,"Pannar","John Deere",6.87663210469196
"Free State",711.1,23.82,385.31,310.17,"Rainfed",3.982,"Dekalb","New Holland",8.04335221085107
"Free State",828.9,23.95,241.6,326.12,"Rainfed",3.981,"Dekalb","John Deere",7.67693953546557
"Mpumalanga",1099.7,16.8,176.05,194.02,"Rainfed",3.176,"Pannar","John Deere",8.76187173943327
"Free State",558.9,25.61,131.85,234.72,"Rainfed",3.744,"Pannar","Case",6.03244367093311
"Free State",609.6,20.62,148.61,376.35,"Rainfed",3.28,"Pannar","John Deere",6.38290560258376
"Free State",505.1,23.19,218.75,239.85,"Rainfed",3.745,"Pannar","John Deere",4.92529896054221
"North West",481.5,26.71,155.67,184.66,"Rainfed",3.201,"Pioneer","Case",2.89228993532691
"North West",256.5,31.11,137.67,231.78,"Rainfed",3.294,"Pioneer","John Deere",3.32651415716878
"North West",333.6,27.14,159.84,227.55,"Irrigated",3.482,"Dekalb","Case",4.68178597446608
"Mpumalanga",788.3,24.4,340.19,154,"Rainfed",4.221,"Dekalb","John Deere",8.44155953124986
"North West",610.8,25.9,191.74,247.96,"Rainfed",3.478,"Pannar","John Deere",6.23058096785294
"Free State",520,19.16,271.2,286.82,"Rainfed",4.174,"Pannar","John Deere",6.51392083439941
"Free State",539.2,25.99,144.61,287.14,"Rainfed",3.257,"Pannar","John Deere",4.0530214389368
"Free State",510.5,24.7,124.09,200.7,"Rainfed",3.455,"Dekalb","John Deere",6.48814037120998
"Free State",515.6,27.63,114.91,212.11,"Rainfed",3.358,"Dekalb","Case",4.97346363261571
"Free State",716.3,21.85,233.56,190.42,"Rainfed",3.538,"Dekalb","John Deere",8.56881513628055
"Free State",529.4,25.78,168.7,211.3,"Rainfed",3.653,"Dekalb","New Holland",5.75792648111485
"North West",467.2,33.58,187.76,263.74,"Irrigated",3.517,"Pannar","Case",4.96903803143181
"Free State",468.1,21.8,245.63,113.38,"Rainfed",3.165,"Pannar","John Deere",5.50839833149322
"Free State",600,18.15,192.76,365.28,"Rainfed",3.517,"Pioneer","New Holland",6.88881993072357
"Free State",744.2,20.82,198.4,213.14,"Irrigated",3.399,"Dekalb","New Holland",5.8804609926016
"Mpumalanga",810.2,22.85,117.44,231.04,"Rainfed",3.938,"Dekalb","John Deere",7.72781188520972
"Mpumalanga",666.7,24.15,274.74,264.81,"Rainfed",3.862,"Pioneer","John Deere",6.56922003653683
"North West",476,32.75,84.65,147.26,"Rainfed",3.482,"Dekalb","John Deere",3.49201965734022
"Free State",615.3,21.08,119.83,190.93,"Rainfed",4.015,"Dekalb","John Deere",6.71323882068923
"Free State",636.9,23.09,277.83,246.22,"Rainfed",3.704,"Dekalb","John Deere",7.05146808563944
"Mpumalanga",480.2,24.14,275.43,190.7,"Rainfed",3.673,"Pioneer","New Holland",6.15518029190726
"Mpumalanga",862.9,23.11,181.09,197.46,"Rainfed",3.525,"Pannar","John Deere",6.55072482476779
"Free State",363.5,24.01,202.59,164.59,"Rainfed",3.947,"Pannar","John Deere",3.83167568031509
"Free State",748.4,25.51,169.21,264.5,"Rainfed",3.611,"Dekalb","John Deere",6.84202544583453
"Free State",715.6,22.02,255.45,170.64,"Rainfed",3.616,"Pioneer","John Deere",6.30791396713462
"Free State",1031,22.53,256.28,212.91,"Rainfed",3.768,"Pioneer","John Deere",8.53254869939691
"Free State",601.9,24.45,314.64,216.91,"Rainfed",4.123,"Dekalb","Case",6.85802146624753
"Free State",583,24.93,249.1,111.33,"Rainfed",3.418,"Pannar","John Deere",5.40959571955132
"Free State",591.5,20.43,194.26,204.72,"Rainfed",3.766,"Pioneer","Case",6.93984291183813
"Free State",586.9,27.05,141.84,194.9,"Rainfed",3.507,"Pannar","Case",5.38004906160696
"Mpumalanga",905.3,22.13,217.87,202.52,"Rainfed",3.99,"Dekalb","John Deere",7.99552220455952
"Free State",730.6,21.28,171.64,148.11,"Rainfed",3.883,"Pannar","New Holland",6.50891750744324
"Free State",697.9,25.94,184.14,171.67,"Rainfed",3.417,"Pannar","John Deere",6.60434760304083
"Free State",484.5,26.46,207.49,104.55,"Rainfed",3.063,"Pannar","John Deere",5.29746487209882
"North West",237.4,25.3,187.69,185.94,"Rainfed",3.81,"Pannar","New Holland",3.28664100307066
"Mpumalanga",879.4,21.25,123.71,159.23,"Rainfed",4.18,"Pannar","Case",7.65063060658662
"Mpumalanga",656.9,21.17,218.58,146.94,"Rainfed",3.572,"Pioneer","Case",7.0359251320925
"North West",328.2,28.75,156.22,339.66,"Rainfed",3.739,"Pioneer","Case",3.96653126492017
"Free State",564,22.76,168.24,259.51,"Rainfed",3.738,"Dekalb","John Deere",6.24804173336097
"Free State",600.1,23.21,84.55,137.31,"Rainfed",3.534,"Pioneer","John Deere",5.38908526686355
"Mpumalanga",1364.6,22.16,164.04,227.66,"Rainfed",4.116,"Pioneer","John Deere",9.5342728592779
"Mpumalanga",567.2,23.05,204.61,258.7,"Rainfed",3.627,"Pioneer","New Holland",6.73525504768119
"Free State",515.7,19.47,230.06,193.31,"Rainfed",3.808,"Dekalb","New Holland",6.73133375582253
"Mpumalanga",1149.7,23.97,310.44,166.68,"Irrigated",3.976,"Pioneer","John Deere",8.87382480422507
"Mpumalanga",633.8,25.48,205.94,216.4,"Rainfed",3.71,"Pannar","John Deere",5.42064503815384
"Mpumalanga",813.8,20.24,179.22,166.13,"Rainfed",3.733,"Pannar","John Deere",6.4041048413528
"Free State",641.2,21.67,199.07,147.36,"Rainfed",3.739,"Dekalb","John Deere",5.42909199459291
"Free State",499.2,19.83,236.19,123.42,"Irrigated",3.948,"Pioneer","Case",6.28372662911534
"Free State",695.3,15.52,214.39,230.56,"Rainfed",3.954,"Pannar","New Holland",7.32216531551428
"Free State",407.3,23.34,202.77,226.88,"Rainfed",3.644,"Pioneer","John Deere",5.71037117022579
"Free State",405.1,22.66,190.64,200.31,"Rainfed",3.605,"Pannar","John Deere",5.58016538571691
"Free State",629.3,21.71,327.25,151.14,"Rainfed",3.734,"Dekalb","John Deere",8.07361101851496
"Free State",559.8,22.93,326.3,204.92,"Irrigated",3.391,"Pioneer","John Deere",6.88970247751021
"Mpumalanga",588.5,25.93,208.91,221.69,"Rainfed",3.42,"Pannar","New Holland",5.86015490985151
"Free State",489.8,23.18,237.44,201.33,"Rainfed",3.808,"Pioneer","John Deere",6.32456366787367
"Free State",553.3,20.46,78.13,232.84,"Rainfed",3.639,"Pannar","Case",3.90924776401176
"Mpumalanga",582.7,22.72,173.52,139.53,"Rainfed",3.522,"Dekalb","John Deere",6.21590462249891
"Mpumalanga",855.7,22.83,145.46,156.74,"Rainfed",3.859,"Pannar","John Deere",6.42750044367239
"Free State",336.7,24.1,292.85,207.17,"Rainfed",3.353,"Pioneer","John Deere",5.33422070903938
"Free State",765,18.34,202.45,186.53,"Rainfed",3.825,"Pannar","John Deere",7.30943061683346
"North West",492,27,143,271.73,"Rainfed",3.338,"Pioneer","New Holland",4.46164235819926
"North West",934.6,28.68,244,144.3,"Rainfed",3.599,"Dekalb","Case",6.61666798638165
"Free State",697,21.4,388.07,263.36,"Rainfed",3.903,"Pioneer","John Deere",8.61791819873938
"Free State",501.7,20.42,149.26,145.31,"Rainfed",3.491,"Pannar","John Deere",4.56599543396983
"Mpumalanga",757.5,22.94,174.57,174.51,"Rainfed",3.679,"Pannar","John Deere",5.98546578273359
"Free State",386.9,26.31,195.05,231.27,"Irrigated",3.558,"Pioneer","New Holland",5.88675126530134
"Free State",608.5,23.73,155.86,107.37,"Rainfed",3.386,"Pannar","John Deere",5.26336063479463
"North West",555.9,31,264.82,222.09,"Rainfed",4.01,"Pannar","John Deere",7.16400932202414
"Free State",608.7,22.5,146.6,166.64,"Rainfed",3.835,"Pioneer","New Holland",6.41636368021429
"Free State",453,23.94,175.93,180.7,"Rainfed",3.61,"Pannar","John Deere",5.50479686931004
"North West",498.2,25.85,124.91,191.5,"Rainfed",3.158,"Pannar","John Deere",4.18135658862057
"Mpumalanga",1212,22.88,249.95,236.74,"Rainfed",4.137,"Pioneer","John Deere",9.27447625543701
"Free State",547.5,20.81,174.36,165.84,"Rainfed",3.887,"Dekalb","John Deere",6.13061893598562
"Mpumalanga",951.9,19.87,144.12,139.28,"Rainfed",3.916,"Pioneer","Case",8.13672472863922
"Mpumalanga",1100.5,22.37,183.47,380.31,"Rainfed",3.956,"Dekalb","Case",10.4901560670841
"Free State",441,28.59,125.11,169.73,"Rainfed",3.347,"Pannar","John Deere",5.06280200655653
"Free State",614.4,24.46,122.25,163.96,"Rainfed",3.254,"Dekalb","New Holland",4.13091001585148
"Mpumalanga",1186.6,24.1,177.75,249.58,"Rainfed",3.915,"Dekalb","Case",8.40239556122627
"Mpumalanga",1124.6,22.74,125.45,174.55,"Rainfed",4.199,"Pannar","New Holland",7.25304236451336
"Mpumalanga",883.7,21.77,338.43,139.96,"Rainfed",3.891,"Pannar","Case",7.56556013559367
"North West",576.3,26.61,158.01,349.89,"Rainfed",3.323,"Pannar","New Holland",5.48326650526512
"Free State",390,22.14,188.7,310.63,"Rainfed",4.159,"Pioneer","John Deere",5.95723778684577
"Free State",753.1,20.1,203.55,176.33,"Rainfed",3.676,"Pannar","New Holland",7.47026794833718
"Free State",1018.1,22.56,239.79,356.68,"Rainfed",3.963,"Pioneer","John Deere",9.62109638820074
"Free State",398.4,19.33,179.47,169.22,"Rainfed",3.774,"Pannar","Case",5.5401099922251
"Free State",533,24.99,248.56,243.76,"Rainfed",3.535,"Dekalb","Case",6.45763162784393
"Free State",584.3,24.77,284.09,198.66,"Rainfed",3.699,"Pannar","John Deere",5.77503023313584
"North West",799.2,22.73,212.81,190.28,"Irrigated",3.665,"Pioneer","John Deere",7.3836224592841
"Free State",414.7,24.78,101.56,224.19,"Rainfed",3.492,"Pioneer","John Deere",4.85897847032996
"Free State",384.6,30.27,195,204.98,"Rainfed",3.679,"Dekalb","New Holland",5.84745359392183
"Mpumalanga",735.6,22.46,191.3,158.44,"Rainfed",3.896,"Dekalb","Case",7.41603630732819
"Free State",496.4,25.07,136.44,151.08,"Rainfed",3.445,"Dekalb","John Deere",5.17834390981481
"North West",260.1,26.13,175.63,274.62,"Rainfed",3.721,"Dekalb","John Deere",5.32226118140799
"Free State",690.7,25.09,275.78,144.93,"Rainfed",3.85,"Pioneer","Case",7.26253367997748
"Free State",539.5,23.11,190.74,235.17,"Rainfed",3.256,"Pioneer","Case",6.01295149673165
"Mpumalanga",863.6,26.37,140.92,218.33,"Rainfed",3.667,"Pioneer","New Holland",5.7363523043748
"North West",419.3,23.46,203.03,292.89,"Rainfed",3.855,"Pannar","John Deere",5.81958334312401
"Mpumalanga",920.1,22.73,147.86,194.87,"Rainfed",3.13,"Dekalb","John Deere",5.71749667793707
"Free State",443.1,21.16,201.08,137.49,"Rainfed",3.493,"Dekalb","Case",4.91661343201865
"Free State",678.4,21.21,210.64,187.99,"Rainfed",3.898,"Pioneer","John Deere",5.84231989206379
"Mpumalanga",626.7,22.75,340.62,103.87,"Rainfed",3.82,"Pioneer","John Deere",6.98512443301161
"Free State",451.4,20.21,168.57,127.73,"Rainfed",3.423,"Dekalb","John Deere",5.37057249202865
"Free State",673.5,23.56,255.63,220.12,"Rainfed",3.799,"Pioneer","John Deere",7.16861887247595
"North West",726.4,23.35,273.92,206.09,"Rainfed",3.578,"Dekalb","John Deere",7.51898246396877
"Free State",475.8,27.07,168.93,242.96,"Rainfed",3.3,"Dekalb","Case",4.24894467458744
"Free State",289.8,19.8,94.68,105.1,"Rainfed",3.06,"Pioneer","John Deere",3.30652767923918
"Mpumalanga",756.1,23.7,198.3,236.46,"Rainfed",3.868,"Dekalb","Case",7.00743105571465
"Free State",523.9,24.02,208.28,230.03,"Rainfed",3.644,"Pannar","John Deere",5.78078292759112
"Free State",655.2,23.66,224.08,171.59,"Rainfed",3.721,"Pannar","New Holland",6.3812463143782
"Free State",563,21.36,201.05,127.8,"Rainfed",3.974,"Pannar","New Holland",5.08125265024689
"Free State",581.6,22.43,175.47,254.78,"Rainfed",3.393,"Pannar","New Holland",5.16767011897489
"Free State",430.8,25.68,276.87,180.92,"Rainfed",3.456,"Pioneer","New Holland",5.62158300593925
"Free State",414.3,18.49,176.86,178.82,"Rainfed",3.453,"Pioneer","John Deere",5.98951518887363
"North West",404.2,25.56,172.1,166.54,"Rainfed",3.479,"Dekalb","New Holland",4.59928856629834
"Free State",501.1,23.47,219.74,145.82,"Rainfed",4.049,"Pannar","Case",6.74865164631826
"Free State",419.4,21.51,209.12,167.17,"Rainfed",3.81,"Pioneer","Case",6.67561864308662
"North West",432.8,31.9,362.87,273.1,"Rainfed",3.334,"Pioneer","John Deere",4.86408111765101
"Mpumalanga",738.4,24.91,320.06,274.53,"Rainfed",3.855,"Pioneer","John Deere",8.14893928640969
"Free State",632.8,22.2,278.04,246.6,"Rainfed",3.489,"Pioneer","John Deere",7.53704604916018
"Free State",614.8,17.54,211.11,137.64,"Rainfed",3.543,"Pioneer","John Deere",6.64323262114098
"North West",214.9,28.74,127.42,122.24,"Rainfed",3.479,"Dekalb","John Deere",3.45449282069988
"Free State",548.3,21.38,126.65,224.65,"Rainfed",3.818,"Pannar","John Deere",7.04448353580352
"Mpumalanga",610.5,23.87,137.67,195.86,"Rainfed",3.539,"Pannar","Case",6.0058967670134
"Free State",330.4,19.65,123.14,160.5,"Rainfed",3.158,"Pioneer","Case",4.23864576213694
"Mpumalanga",459.2,25.68,220.93,173.73,"Rainfed",3.66,"Dekalb","John Deere",5.86399568421824
"Free State",647.5,18.81,158.76,117.98,"Rainfed",3.78,"Dekalb","John Deere",6.47707531275179
"North West",436,27.1,168.47,234.38,"Rainfed",3.641,"Dekalb","John Deere",5.69721490753937
"Free State",760.4,22.62,324.8,144.69,"Rainfed",3.469,"Dekalb","John Deere",7.79701570380574
"Free State",473,20.28,202.88,151.63,"Rainfed",3.859,"Dekalb","Case",8.05657222527244
"Free State",425.8,24.56,180.46,103.78,"Rainfed",3.587,"Dekalb","New Holland",4.65915823614647
"Free State",765,17.51,154.92,423.87,"Rainfed",3.441,"Dekalb","John Deere",7.70678350070092
"North West",533.1,18.96,144.18,207.72,"Rainfed",3.645,"Dekalb","John Deere",5.03521022204826
"Free State",534.2,23.78,141.27,133.49,"Rainfed",3.595,"Dekalb","Case",5.98907140231625
"Mpumalanga",918.9,24.52,199.66,229.01,"Rainfed",3.955,"Pioneer","John Deere",7.27719479337645
"Mpumalanga",404.9,24.33,138.36,148.19,"Rainfed",3.179,"Dekalb","John Deere",3.79388934712694
"Free State",362,24.58,187,336.77,"Rainfed",3.694,"Pioneer","John Deere",4.66767617300051
"Free State",481.7,19.12,280.43,365.38,"Rainfed",3.69,"Pioneer","Case",7.01797022948452
"Free State",420,22.46,201.75,388.99,"Rainfed",3.634,"Pannar","Case",5.43184803621535
"Free State",380.7,17.17,142.09,139,"Rainfed",3.45,"Dekalb","New Holland",5.06472356989754
"Free State",602.7,25.65,130.68,224.46,"Rainfed",3.494,"Pannar","John Deere",4.44563989775528
"North West",353.2,33.68,189.7,391.58,"Rainfed",3.317,"Pioneer","John Deere",3.28326001840523
