"Region","Rainfall (mm)","Temperature (C)","Fertiliser (kg/ha)","Chemical Weed Control (kg/ha)","Irrigation","Soil Organic Matter (%)","Seed Strain","Tractor Brand","Yield (t/ha)"
"Free State",0.650789485855069,1.43910717898261,0.440480425807807,-0.382422383516246,"Rainfed",0.104072859809442,"Pannar","John Deere",5.67944712646603
"Mpumalanga",0.711719147395556,0.819361626337806,0.596212815122115,-0.151889802164713,"Irrigated",-0.547336727261881,"Dekalb","New Holland",7.62433580220559
"Free State",1.81990599902292,-1.12841011054585,-0.597042781734058,-0.172179021696927,"Rainfed",1.15447081896195,"Pioneer","John Deere",8.61093895093315
"North West",-1.50877761566266,2.02527046030183,-1.57377970220412,-0.585167555508443,"Rainfed",-0.702046504191321,"Pannar","John Deere",3.32939173652229
"North West",-0.977819136524127,1.00559058550693,0.313192901597613,-0.0958739134562084,"Rainfed",-0.759044843060061,"Pioneer","Case",4.39390957076695
"Free State",-0.233835900871859,-0.774269794748822,-0.320647014877637,1.68075600558201,"Rainfed",0.266925256577273,"Dekalb","John Deere",6.7824584957412
"Free State",0.488615800251064,-1.25358039457756,-1.01787092300041,-0.442995995453001,"Rainfed",-0.278630272594961,"Pioneer","John Deere",6.73212247085228
"North West",-0.133049994564286,0.614815064627453,0.0542017553985049,-1.02079768213127,"Rainfed",1.67966979853821,"Dekalb","John Deere",7.15173580880591
"Free State",1.15059595758944,0.804096957553451,-0.0834765871145618,-0.381099173546754,"Rainfed",-1.1051061861917,"Pannar","Case",7.01717332064291
"Free State",-0.206348835515248,-0.395706008896826,1.83194088179128,0.778914899708094,"Rainfed",0.763625066719159,"Pannar","New Holland",8.18544271502466
"North West",0.185341845816457,1.18571367716232,-0.865255779176966,-0.889652871821598,"Rainfed",-0.246059793241394,"Pioneer","John Deere",4.23026564212041
"Free State",-1.43135571490821,0.202669007449877,0.453209178228826,-1.15958770559801,"Rainfed",-1.67101826495992,"Dekalb","Case",3.92910534951339
"Mpumalanga",1.87625448300397,0.462168376783906,-0.374419499595005,-0.920233724449863,"Rainfed",0.299495735930839,"Dekalb","John Deere",7.75306981813977
"Free State",1.14464042676218,-1.18030998441266,-0.334674619586516,0.829490925208685,"Irrigated",0.0470745209407017,"Pannar","John Deere",7.91099099239176
"Free State",-1.41348912242641,-0.93302235010611,0.926251181467118,-0.803203153814773,"Rainfed",-0.624691615726601,"Pannar","John Deere",4.81233907474001
"North West",0.506482392732861,2.52289866267179,-1.43753009720769,1.87953154766573,"Rainfed",-1.08067832667653,"Dekalb","John Deere",4.89241753408088
"Free State",-1.23390696209655,-0.478135220332342,0.48360232176473,1.34627792996037,"Irrigated",-0.579907206615447,"Dekalb","New Holland",7.27360523681555
"Free State",-0.364857579071704,-0.966604621431692,0.292800920678225,-0.134247002571483,"Rainfed",0.234354777223707,"Dekalb","Case",5.80795853041222
"Free State",-0.109227871255223,-1.50392096264098,0.176423755686048,-0.656032800541249,"Rainfed",-0.514766247908315,"Pannar","Case",5.16256340787921
"North West",-1.4281488906166,0.327839291481585,-0.945784621024231,-0.494895230923085,"Rainfed",-0.510694937989119,"Dekalb","New Holland",3.33438792679112
"North West",-0.801901918241817,0.813255758824064,-0.392083890709889,0.24492616535301,"Irrigated",-1.28017251271712,"Pannar","John Deere",5.44162685991799
"Mpumalanga",-1.64254800039817,1.02390818804816,-0.0185339727216058,0.986952911578259,"Rainfed",0.226212157385316,"Pioneer","John Deere",5.41899334421778
"Mpumalanga",-0.500460434830984,1.02085525429129,-0.196736506615877,-0.209522947502596,"Rainfed",-0.547336727261881,"Pioneer","Case",5.77237681981392
"North West",-0.672254593309803,1.95200005013692,-1.14593775858332,1.87276847448833,"Rainfed",-1.62216254592957,"Pioneer","Case",4.84938548502227
"Mpumalanga",1.03285969431196,-0.288853327406343,-0.739916533398561,1.01268199431839,"Rainfed",0.128500719324617,"Pioneer","Case",6.5584862520844
"Mpumalanga",-0.224215427997045,0.306468755183489,-1.02475484012607,-0.161593341940989,"Rainfed",0.291353116092448,"Pannar","John Deere",5.56065316672822
"Free State",-0.00294455187632736,-1.04598089911034,-1.38869325118419,-1.29117358589752,"Rainfed",0.258782636738882,"Pannar","New Holland",5.89864002486186
"Free State",0.944901085170806,-1.31158613595811,1.82142017825962,-0.433733525666556,"Irrigated",0.633343149304894,"Pioneer","New Holland",9.93809645500231
"Free State",-0.118390226374093,0.44079784048581,0.300464149176594,-0.929643217566252,"Irrigated",1.301037976053,"Pioneer","John Deere",5.98403115316122
"Free State",-0.141754231927212,-1.29326853341688,-0.548855361854484,0.309763453858129,"Rainfed",0.364636694637971,"Pioneer","John Deere",6.75877684685775
"North West",-0.579256688853269,3.06937380515168,1.55281752513036,0.736866227344229,"Rainfed",-0.787544012494432,"Pioneer","New Holland",5.58396050305855
"North West",-1.02271467660659,1.3139368949509,0.243054878053221,0.056295233035397,"Rainfed",-1.08882094651492,"Pioneer","John Deere",5.74515102663673
"Mpumalanga",1.01087004202667,0.0713928559044269,1.97949050169208,0.432086864371188,"Rainfed",1.65524193902303,"Dekalb","John Deere",8.14197148879743
"Mpumalanga",0.895424367528906,-0.481188154089213,3.44342691533809,0.0408577833913209,"Rainfed",1.43131989346726,"Pioneer","John Deere",10.7162813693765
"Free State",0.262305628814968,-0.9971339590004,-0.544828919762121,-0.668676806916397,"Rainfed",-1.02367998780779,"Dekalb","John Deere",6.03052049951755
"Free State",-0.54810468144911,-1.46117989004478,-0.101530633915804,-0.998891205969678,"Rainfed",0.897978294052619,"Dekalb","New Holland",6.18225264757232
"Mpumalanga",0.804258934096146,-0.117889037021571,3.7872331159344,-1.19913698135283,"Irrigated",1.56974443071992,"Pioneer","Case",11.0490458488276
"Free State",0.610017005576096,-0.182000645915861,0.902871840285654,-0.0207449918550392,"Rainfed",0.690341488173634,"Dekalb","John Deere",7.83207646109845
"Free State",-0.634230819566491,0.0652869883906852,2.94999293118041,-0.285828055743314,"Rainfed",-1.0155373679694,"Pannar","John Deere",6.10885862231683
"Free State",0.575658173880332,-1.27189799711879,0.513995465300633,4.26175056274156,"Rainfed",0.372779314476364,"Pannar","John Deere",7.8223457272324
"Free State",-1.53992962306682,-0.713211119611403,-0.158680134581605,1.66031976271986,"Rainfed",-0.734616983544888,"Pannar","John Deere",5.25497473199559
"Free State",0.567412054273349,-1.01239862778476,1.63152797377462,0.492366429648056,"Rainfed",0.820623405587899,"Pannar","John Deere",7.77528297414539
"Free State",-0.140837996415325,1.00559058550693,0.988725976513142,-0.829961399864504,"Rainfed",-1.91529686011166,"Pannar","John Deere",5.12652346309885
"Free State",-1.03187703172546,-1.16809824938517,-0.572624358722306,-1.28308730275062,"Rainfed",0.535631711244195,"Pannar","John Deere",6.10974071460176
"Free State",-0.853669224663434,-0.337700267516278,-0.360132124428554,0.251689238530415,"Rainfed",-1.59773468641439,"Pioneer","John Deere",5.71155918749192
"Free State",-0.776705441664924,1.54901279422996,-0.680818754300971,-0.845251826178637,"Rainfed",-0.954467719181459,"Dekalb","John Deere",3.57149296133021
"Free State",0.381874363116225,-0.597199636850308,1.47748409243453,0.682467595265105,"Rainfed",-0.38448433049405,"Pannar","John Deere",7.1674628635324
"Free State",-0.15458152909363,-1.60466777661772,-0.663803789330016,-0.117633366287859,"Rainfed",-0.241988483322199,"Pannar","New Holland",5.27478262213242
"Free State",0.464335559186058,-1.13451597805959,0.0371867904275504,-0.815700136859977,"Rainfed",-0.307129442029331,"Pioneer","John Deere",6.2698869774978
"North West",0.347973649176405,1.47574238406506,-1.02345598783821,-0.256276366424655,"Rainfed",-0.168704904776674,"Pannar","John Deere",5.71102854143053
"Free State",1.49922356986246,-1.14672771308708,1.75972469458631,0.125690244768767,"Rainfed",0.954976632921359,"Pioneer","John Deere",8.66491482506429
"Free State",-0.271401556859227,-0.844487271156854,1.33266206233824,-0.72013497239665,"Rainfed",0.197712987950945,"Dekalb","John Deere",6.49731895020071
"Mpumalanga",1.10478418199509,-0.294959194920085,-0.723161338885178,0.0748201726082879,"Rainfed",0.893906984133424,"Pannar","New Holland",6.55384852127351
"Free State",-0.599413870114784,-0.160630109617765,-0.507292088642992,-0.605897845030488,"Irrigated",0.527489091405803,"Dekalb","Case",7.36506600880556
"Free State",-0.368522521119252,1.16129020710735,0.546726542954683,1.85718400151431,"Rainfed",0.592630050112935,"Dekalb","New Holland",7.58653339877011
"Free State",0.294831989486957,-0.560564431767857,-0.312853901150482,0.0607059329337041,"Rainfed",0.564130880678564,"Pannar","New Holland",6.81895987482843
"Free State",-0.181152358938355,0.636185600925549,-0.308048147685404,-0.372571820410027,"Rainfed",-0.449625289201182,"Dekalb","New Holland",5.16576353374326
"Mpumalanga",0.632006657861384,0.425533171701455,0.651803693042486,-0.347430830989674,"Rainfed",-0.453696599120379,"Dekalb","John Deere",6.34289996468594
"North West",-0.511913378729572,1.15823727335048,1.51891748041723,-0.847310152797847,"Irrigated",-1.14989059530286,"Pioneer","New Holland",6.05120929741065
"Free State",-0.659427296143384,-1.62909124667268,-1.00514217057939,1.48492093009717,"Rainfed",0.979404492436534,"Dekalb","John Deere",6.16500110015451
"Mpumalanga",0.986131683205722,-0.371282538841858,-1.31439890031865,-0.303176808676657,"Rainfed",0.332066215284405,"Pannar","John Deere",6.93411172623887
"Free State",-0.422122298564644,-0.737634589666372,0.618812844930864,0.0208626105189942,"Rainfed",1.63895669934625,"Pannar","New Holland",6.11878508171835
"Free State",-0.870619581633345,-0.127047838292184,-1.25322295756048,0.0942272521608404,"Rainfed",0.116286789567029,"Pioneer","Case",2.87467128553021
"Free State",-0.270943439103284,0.862102698933999,-0.187254884914506,-0.486808947776188,"Rainfed",0.185499058193357,"Pioneer","John Deere",4.54449696634265
"Mpumalanga",1.77180363464885,1.13686673705238,-0.728226862807829,0.124955128119049,"Rainfed",0.226212157385316,"Pannar","New Holland",8.29452284238631
"Free State",-0.78403532576002,1.22540181600164,-0.223622748974561,3.77407417731871,"Rainfed",0.148857268920596,"Pannar","John Deere",6.74873801691032
"Mpumalanga",0.954979675801563,-0.127047838292184,-0.163485888046683,-0.325524354828081,"Rainfed",1.19111260823471,"Pioneer","Case",6.90543874491799
"Mpumalanga",-0.110602224523053,-0.835328469886241,1.5367117567609,-0.767623507968427,"Rainfed",-1.34938478134345,"Dekalb","John Deere",6.92064353543946
"Mpumalanga",0.506940510488805,-0.163683043374635,-0.198684785047666,1.42170089822143,"Rainfed",0.152928578839791,"Pannar","John Deere",6.84379621279963
"Free State",0.521600278678997,-0.459817617791116,-0.560674917674002,-1.04976127813016,"Rainfed",0.0877876201326586,"Dekalb","John Deere",6.74144047595744
"Mpumalanga",2.57580029632972,0.0378105845788468,-0.00905235102023433,0.376659068982458,"Rainfed",1.35803631492174,"Pioneer","John Deere",8.60230160842149
"Mpumalanga",1.02598792797281,0.523227051921325,-0.20998479995204,1.36480286953326,"Rainfed",1.83845088538684,"Dekalb","New Holland",6.96360771908569
"Mpumalanga",0.380958127604339,0.526279985678196,-0.601718649970351,0.577345914355445,"Rainfed",1.52088871168957,"Pioneer","Case",5.23792807992514
"Free State",0.757530922989907,-1.88248474849297,0.110831715149162,0.692171135041381,"Rainfed",1.2073978479115,"Pioneer","John Deere",7.13775347078896
"Free State",-0.826640277062767,0.596497462086227,-0.649906069849924,-0.697346356255395,"Rainfed",-0.237917173403002,"Dekalb","John Deere",4.33091769888932
"Free State",-0.780828501468416,-0.60330550436405,-0.556258819895281,0.818905245452747,"Rainfed",1.8791639845788,"Dekalb","Case",6.11434743690367
"Free State",-0.374019934190574,-0.142312507076538,0.992102992461575,0.900797240231321,"Rainfed",0.625200529466501,"Pioneer","John Deere",6.96684493337928
"Mpumalanga",1.62337348172315,-0.17894771215899,-0.922535165071553,-1.23221723059014,"Rainfed",-0.543265417342686,"Dekalb","John Deere",7.62351388054132
"Free State",-0.315380861429804,0.0744457896612972,-0.667440575736022,0.405622664981343,"Rainfed",-0.950396409262263,"Dekalb","Case",6.16121714181492
"Free State",-0.784493443515964,-0.169788910888377,0.296957247999374,-0.594430025294889,"Rainfed",-0.237917173403002,"Dekalb","John Deere",6.08645960036404
"Free State",-0.254909317645261,-1.86111421219488,2.6200844500642,-0.610161521598852,"Rainfed",1.4964608521744,"Pannar","John Deere",7.99325682248716
"Mpumalanga",0.85694247602965,0.428586105458326,0.151615676987939,0.0773195692173286,"Rainfed",-0.209418003968633,"Pannar","John Deere",6.35569430807634
"Free State",-1.20275495469239,0.272886483857909,-1.7712052499587,-0.516948730414622,"Rainfed",-0.360056470978876,"Pioneer","John Deere",3.69435092062743
"Mpumalanga",2.27252634189511,-0.560564431767857,1.82336845669141,0.577639961015332,"Rainfed",0.19364167803175,"Pioneer","John Deere",9.34369482078647
"Free State",-0.962701250577991,-0.0385127593429266,-0.454818456213484,1.8035204860849,"Rainfed",-0.20127538413024,"Dekalb","New Holland",5.9544937479265
"Free State",-0.0707459797559674,-0.261376923594505,0.355015945266677,0.113340285053506,"Irrigated",-0.140205735342303,"Pannar","Case",6.13511240550705
"North West",-0.220550485949497,1.3872073051158,-0.459883980136135,-0.854367272635139,"Rainfed",0.629271839385697,"Dekalb","John Deere",6.27462774082674
"North West",0.0538620498606689,2.61448667537792,0.195776654775149,1.29761320774904,"Rainfed",0.90612091389101,"Pioneer","John Deere",5.20732975962403
"North West",-0.979193489791958,1.18571367716232,1.09432266751609,0.0192453538896146,"Rainfed",-0.323414681706115,"Pannar","John Deere",5.38395502044672
"Free State",-1.15327823705049,0.0591811208769434,-0.27830443029343,3.97990683923972,"Rainfed",-0.25013110316059,"Pannar","John Deere",4.75898646118762
"Free State",0.989338507497326,0.404162635403359,-1.00748010469754,-0.652063170632772,"Rainfed",0.104072859809442,"Dekalb","New Holland",6.34910742326899
"Mpumalanga",1.93306108474097,0.336998092752199,0.404242446976537,0.372836462403925,"Rainfed",1.52496002160877,"Pannar","John Deere",8.82643568122807
"Free State",0.438680964853221,0.529332919435067,1.50995539963101,0.535444265321525,"Rainfed",0.458276822779475,"Pioneer","John Deere",7.55119514635689
"Mpumalanga",0.461128734894454,-0.267482791108247,1.97663302665879,0.469577813506801,"Rainfed",0.0959302399710511,"Dekalb","John Deere",7.88768957568547
"Free State",0.663158665265544,1.25593115357035,-0.329868866121437,-0.27333107269811,"Rainfed",0.205855607789338,"Dekalb","John Deere",6.47689866020204
"Free State",-0.217343661657892,-0.282747459892602,0.809094705102225,-0.889946918481485,"Rainfed",-0.490338388393141,"Dekalb","Case",6.80522837824115
"Mpumalanga",1.02690416348469,1.07580806191496,-0.829277570803268,1.57519325468252,"Rainfed",-0.718331743868105,"Pannar","John Deere",6.31431934336508
"Free State",-0.252618728865543,-1.57108550529214,3.20171050456751,-1.0853409239765,"Rainfed",0.889835674214226,"Dekalb","Case",7.09804525209739
"Free State",-1.30354086099997,-0.0354598255860562,0.129275417636762,-0.234075843603174,"Rainfed",0.0145040415871355,"Dekalb","New Holland",5.67977828601798
"Free State",-0.703406600713962,0.929267241585159,-0.577040456501027,0.39768340516439,"Rainfed",-0.19313276429185,"Dekalb","John Deere",4.71427646894503
"Free State",0.206873380345803,-1.1131454417615,1.21628489734606,0.46502009027855,"Rainfed",0.20178429787014,"Dekalb","New Holland",8.26917365668318
"Free State",-0.100065516136352,-1.06429850165156,-0.509500137532353,3.00528918504373,"Rainfed",1.51681740177038,"Dekalb","John Deere",8.26892955395833
"Free State",-0.787700267807568,-1.05208676662408,-0.953837505208958,-1.64829325433047,"Rainfed",-0.938182479504676,"Dekalb","John Deere",4.92147044601734
"North West",-1.61506093504156,0.590391594572486,-0.761087825690665,-0.651328053983054,"Rainfed",-0.897469380312719,"Dekalb","New Holland",3.00984049219163
"Free State",0.479453445132194,-0.92996941634924,0.0347189710806181,-1.43261002930324,"Rainfed",0.0145040415871355,"Pannar","John Deere",7.33900847944792
"North West",-2.02553444436695,1.96726471892128,0.414763150508196,-0.927437867617098,"Rainfed",-0.726474363706495,"Pannar","Case",4.9019260583934
"North West",-1.56146115759616,-0.304117996190698,-0.76758208712996,0.0921689255416305,"Rainfed",-0.734616983544888,"Dekalb","John Deere",5.45035663131616
"Mpumalanga",1.27474586945014,-0.00187755426047613,0.0548511815424342,-1.10357181688951,"Rainfed",0.503061231890629,"Pannar","John Deere",6.63271845196202
"Free State",0.255891980231759,0.663662004737388,1.01872946436269,0.856249171258417,"Rainfed",0.523417781486607,"Dekalb","John Deere",6.51255928587938
"Free State",-0.324085098792731,1.55206572798683,-0.468456405236005,-0.915381954561724,"Rainfed",-1.50002324835369,"Pioneer","John Deere",4.8439547333651
"North West",2.41545908174949,1.6711301445048,0.856502813609083,1.02444386071387,"Rainfed",0.580416120355347,"Pannar","John Deere",9.06275224623546
"Free State",0.53763440013702,0.1477161998262,0.425543624497427,-0.589431232076807,"Rainfed",1.63488538942705,"Pioneer","John Deere",7.0756675957268
"Free State",-1.10884081472397,-1.68709698805323,-0.911624805853537,-0.963311560123331,"Rainfed",-0.85675628112076,"Dekalb","John Deere",5.1844422088242
"North West",1.3617882430794,0.21182780872049,-0.601458879512779,0.303441450670555,"Rainfed",1.18296998839632,"Dekalb","John Deere",8.70060361073636
"Mpumalanga",1.42363414013178,-0.386547207626213,-0.434166704836524,-0.514449333805582,"Rainfed",-0.278630272594961,"Dekalb","John Deere",7.35580182989834
"Free State",-0.0858638657021032,0.266780616344167,-0.708094652346012,0.444436824086449,"Irrigated",0.425706343425909,"Pannar","John Deere",6.42170188693788
"Free State",-1.68652730496874,-0.0476715606135397,-0.716147536530739,0.138775321133745,"Rainfed",-0.514766247908315,"Dekalb","John Deere",5.52631828451313
"North West",-0.240249549455068,0.0347576508219754,1.6280210725974,-0.333757661304921,"Rainfed",0.498989921971432,"Dekalb","John Deere",6.85734677697824
"Free State",0.483118387179742,1.01169645302067,0.575561063745155,-1.1106289367268,"Rainfed",0.079645000294268,"Dekalb","John Deere",7.47003699826466
"Free State",-0.860540991002587,0.663662004737388,-0.985139845346363,0.0257143804071321,"Rainfed",-0.0180664377664307,"Pannar","Case",4.57464023143374
"Mpumalanga",2.41408472848166,-0.288853327406343,0.520489726739929,-0.723516508985353,"Irrigated",2.34736462528632,"Dekalb","John Deere",9.91826320696324
"Free State",-0.334163689423488,0.804096957553451,0.513346039156704,1.15470653104388,"Rainfed",-0.551408037181078,"Pannar","New Holland",5.47767582226853
"Free State",-0.137631172123721,-1.59245604159023,1.68140390162841,-0.127483929394078,"Rainfed",0.185499058193357,"Pioneer","Case",7.62573181056374
"Free State",-0.377684876238122,0.303415821426617,-0.535996724204679,0.751862606998474,"Rainfed",0.275067876415665,"Dekalb","Case",6.38287471557703
"Free State",-0.341951691274528,-0.789534463533177,-1.16568031335878,0.173178780340543,"Rainfed",-0.331557301544505,"Dekalb","John Deere",6.16620345235507
"North West",-1.35622440293347,2.11380553925108,-1.21373784800957,-0.024714621763516,"Rainfed",0.112215479647834,"Pioneer","New Holland",3.28452267093223
"Free State",-1.5944456360241,-0.0324068918291848,0.70505663684471,-0.570024152524254,"Rainfed",-0.274558962675765,"Pioneer","John Deere",3.83443520043969
"Free State",0.936196847807878,-0.0720950306685078,-0.531710511654744,-0.411385979515132,"Rainfed",0.555988260840173,"Dekalb","John Deere",7.28270346246999
"Free State",0.251310802672323,0.755250017443516,2.11781827034907,-0.54355995313441,"Rainfed",-0.592121136373035,"Dekalb","John Deere",8.56527426764435
"Mpumalanga",-0.737307314653782,0.4102685029171,0.177073181829978,-0.685290443200021,"Rainfed",0.816552095668703,"Dekalb","John Deere",6.29922467554585
"Mpumalanga",0.0167545116292441,0.825467493851547,0.0647224589301637,1.77808545000466,"Rainfed",0.828766025426291,"Dekalb","John Deere",8.56958337850414
"North West",0.25085268491638,-0.0293539580723145,1.57217042421946,-0.727192092233942,"Rainfed",-1.0155373679694,"Dekalb","New Holland",8.08474211405565
"Mpumalanga",0.520225925411167,-0.371282538841858,-1.21217922526414,0.15333063079816,"Rainfed",1.57381574063912,"Dekalb","John Deere",7.37141041976176
"Mpumalanga",0.052487696592838,1.12160206826803,1.00262369599323,0.392684611946308,"Rainfed",-0.482195768554749,"Dekalb","John Deere",7.03857001559985
"Free State",-1.38554393931386,0.312574622697231,1.74063156595479,-1.65358609420844,"Rainfed",-1.0114660580502,"Pannar","John Deere",3.36057474689498
"Mpumalanga",0.871144126463899,-1.27495093087566,-0.757191268827087,-0.859072019193333,"Rainfed",-0.1442770452615,"Pannar","New Holland",7.52239659304846
"Mpumalanga",0.179844432745136,-0.673522980772082,-0.411047134112632,-1.04211606497309,"Rainfed",-0.938182479504676,"Pannar","Case",5.99281790970601
"Mpumalanga",1.0195742793896,-0.185053579672732,0.376317122787566,0.329758626730456,"Rainfed",1.13411426936597,"Pannar","New Holland",8.47945068825601
"North West",0.834036588232475,1.69555361455976,-1.01124677633233,-0.137481515830242,"Rainfed",-1.29238644247471,"Dekalb","New Holland",4.95311272751703
"Free State",-0.252618728865543,-0.429288280222407,-0.108024895355099,-0.551646236281307,"Rainfed",-0.901540690231914,"Dekalb","New Holland",6.25230400062031
"Free State",-0.603078812162332,0.330892225238456,-0.774595889484399,-0.0089831254595526,"Rainfed",-1.22724548376758,"Pannar","New Holland",5.01367506625223
"Free State",-0.461520425575785,0.599550395843099,0.0331603483351871,-0.450641208610068,"Rainfed",0.140714649082205,"Pannar","John Deere",6.66276042795368
"Free State",-0.615447991572806,1.2925663586528,-0.541711674271259,-0.478281594639461,"Rainfed",-0.946325099343068,"Dekalb","John Deere",4.47764487926834
"Free State",-0.247121315794221,-0.285800393649473,0.39177346501309,0.432527934361019,"Rainfed",0.0185753515063308,"Dekalb","John Deere",6.5644035189749
"Mpumalanga",-0.328208158596223,0.263727682587296,-0.406631036333911,-1.2526534734523,"Rainfed",-0.754973533140866,"Dekalb","John Deere",4.92211826867032
"Free State",0.677360315699792,-2.18777812418007,-0.496771385111334,0.0893754822727025,"Rainfed",0.995689732113318,"Pioneer","John Deere",7.45883762487925
"Free State",-1.53122538570389,0.0958163259593939,-0.158420364124033,-1.11136405337652,"Rainfed",-1.11324880603009,"Pannar","John Deere",4.62352209298284
"Free State",1.95779944356192,-1.44591522126043,1.38890236640254,-0.649269727363844,"Irrigated",2.64049893946841,"Dekalb","New Holland",9.93308945086453
"Free State",-1.21283354532315,-0.969657555188562,0.119144369791461,-0.475635174700476,"Rainfed",-0.241988483322199,"Dekalb","John Deere",5.50783484992964
"Mpumalanga",1.6659784330259,-0.34380613503002,0.334234308660931,1.34613090663043,"Rainfed",0.287281806173253,"Dekalb","Case",9.14370160763113
"Mpumalanga",1.07500652785876,0.541544654462551,-0.571585276892019,0.920792413103648,"Rainfed",1.34582238516415,"Dekalb","New Holland",6.95054654777955
"Free State",-0.380433582773784,-2.12671944904265,-1.19347575231897,-1.2263362973924,"Rainfed",0.112215479647834,"Dekalb","John Deere",5.27099450860375
"Free State",0.774481279959818,-1.00018689275727,2.00494800653412,1.21028134976256,"Rainfed",-0.00178119808964762,"Pioneer","Case",7.90344663911349
"Free State",-0.0638742134168146,-0.27664159237886,0.864425812565024,-0.364044467273299,"Irrigated",-0.612477685969013,"Pannar","New Holland",6.55784626328274
"Free State",-1.24581802375108,-0.887228343753047,-1.22088153559279,0.0883463189630971,"Rainfed",-0.0994926361503463,"Dekalb","John Deere",4.33882905185253
"Free State",0.277423514761104,-0.169788910888377,-1.06982501451478,1.43890262782482,"Rainfed",-0.987038198535025,"Pannar","Case",5.78319326429142
"Free State",0.0346211041110411,-0.0354598255860562,0.162785806663527,-0.173208185006532,"Irrigated",1.31325190581059,"Pioneer","John Deere",7.20407291761607
"Free State",-0.735932961385951,-0.236953453539538,-0.59093817598112,-1.1140104733155,"Rainfed",-1.06846439691894,"Pannar","Case",3.87044465059129
"Free State",1.11486277262585,-2.95711743091154,0.0788799488678282,0.19729060645129,"Rainfed",-0.189061454372653,"Dekalb","John Deere",8.74821407378925
"Free State",-0.13625681885589,1.98863525521937,1.67854642659512,-0.348312970969336,"Irrigated",-1.46338145908093,"Pannar","John Deere",6.37992540229407
"Free State",-0.308050977334708,-0.508664557901051,-1.27907011808888,-1.54552394669991,"Rainfed",-1.03182260764618,"Pioneer","Case",5.3574872338054
"Free State",-0.45556489474852,0.315627556454102,2.29835873836149,0.262274918286353,"Irrigated",0.572273500516957,"Dekalb","New Holland",7.41732707961893
"Mpumalanga",0.584362411243259,0.220986609991102,0.353197552063674,-0.0779370672030917,"Rainfed",-1.33717085158586,"Pioneer","John Deere",6.12984302336805
"Free State",-1.562835510864,0.953690711640127,-0.55755767218314,-0.910089114683756,"Rainfed",-1.28424382263632,"Pioneer","John Deere",3.96735212825216
"Free State",-0.309425330602539,0.428586105458326,0.0356281676821194,0.636302269662821,"Rainfed",-0.258273722998982,"Pannar","John Deere",6.26315661936676
"Free State",-0.894899822698351,-0.356017870057505,-1.01748126731405,-1.42275946619702,"Rainfed",-1.5936633764952,"Pioneer","New Holland",3.94021678947233
"Mpumalanga",1.59405394534277,0.0133871145238788,1.36110692744235,-0.483133364527599,"Rainfed",0.98347580235573,"Pioneer","John Deere",7.89961367925615
"Free State",-0.397842057499637,-1.16199238187143,0.562572540866564,-0.278770935906023,"Rainfed",-1.9722951989804,"Dekalb","John Deere",6.20351944744511
"Free State",0.799219638780767,0.169086736124297,-1.01942954574584,-0.897592131638551,"Rainfed",-1.24760203336355,"Dekalb","John Deere",5.6503435888944
"Free State",-0.730893666070572,-0.627728974419017,-1.00358354783396,-0.413591329464285,"Rainfed",0.938691393244576,"Dekalb","New Holland",4.87314182600462
"Mpumalanga",-0.371729345410857,1.78408869350902,-0.422347149017006,-0.880096355375265,"Rainfed",0.80026685599192,"Pannar","John Deere",5.57332005301601
"Free State",1.12723195203632,-2.2152545279919,-0.0219109886700397,1.22395451944731,"Irrigated",1.72445420764936,"Pioneer","John Deere",9.19908791903966
"North West",0.513354159072014,0.562915190760647,-0.54106224812733,2.59435897785142,"Irrigated",2.070515550781,"Pannar","John Deere",7.68775773455426
"Mpumalanga",1.95963191458569,0.190457272422394,-0.357014878937692,1.33084048031629,"Rainfed",0.209926917708533,"Dekalb","Case",9.44438856095645
"Mpumalanga",-0.415708649981434,0.630079733411807,-0.527034643418451,1.77396879676624,"Rainfed",1.04861676106286,"Dekalb","John Deere",6.17435937846692
"Mpumalanga",0.384623069651886,-0.252218122323893,-1.1028158626264,-0.699257659544662,"Rainfed",-0.901540690231914,"Pannar","John Deere",5.06318616155496
"Free State",-0.207265071027135,-1.2596862620913,-0.349741306125681,1.45977994067681,"Rainfed",0.853193884941465,"Pioneer","Case",6.27316248866241
"Free State",0.766235160352835,-0.47508228657547,-0.846422421003009,0.196555489801572,"Rainfed",-1.12139142586849,"Dekalb","John Deere",6.71071932037828
"North West",-0.187566007521564,1.16129020710735,-1.4162289196868,-0.85686666924418,"Rainfed",-0.0913500163119556,"Pioneer","John Deere",4.30869074545324
"Free State",-1.4533453671935,-1.65351471672765,-1.04527670627424,-1.06431658779457,"Rainfed",-2.15143283542502,"Dekalb","John Deere",3.8556047225242
"Mpumalanga",1.55877887813512,-0.185053579672732,-0.586002537287255,2.08874574617545,"Rainfed",-0.795686632332823,"Pioneer","New Holland",7.34518212513603
"Free State",1.06034675966857,-0.511717491657922,1.90285821670839,0.244044025373349,"Rainfed",-0.1442770452615,"Pioneer","John Deere",8.59842235643293
"Mpumalanga",0.552294168327213,0.169086736124297,-0.510149563676283,-0.0426514680166328,"Rainfed",-0.502552318150729,"Dekalb","Case",6.38703472564818
"Free State",-0.133049994564286,-1.3329566722562,0.183307672811701,0.880360997369164,"Rainfed",0.397207173991538,"Dekalb","Case",5.78687586952212
"Free State",0.287960223147805,-0.041565693099798,-0.487159878181176,-1.02506135869964,"Rainfed",-0.111706565907934,"Pioneer","John Deere",6.33024636927709
"Free State",0.0726448778543526,0.840732162635902,-0.652893430112,1.13397624152184,"Rainfed",0.840979955183877,"Dekalb","John Deere",6.84624118208686
"Free State",0.022251924700566,0.0103341807670084,-0.994101926132591,-0.687642816479119,"Rainfed",1.06083069082045,"Pioneer","John Deere",5.83414850207974
"Free State",-0.672254593309803,-1.26273919584817,-1.33115409483203,-1.47568786497671,"Rainfed",0.482704682294649,"Pannar","Case",5.50289708590509
"North West",1.6943817338944,0.272886483857909,0.571534621652792,0.344313936394871,"Rainfed",0.360565384718776,"Pioneer","John Deere",6.9986152799528
"North West",-1.15282011929455,1.74745348842657,1.62295554867475,1.39553074549147,"Rainfed",-0.535122797504295,"Dekalb","John Deere",6.11775321146801
"Free State",-0.0556280938098316,-0.978816356459175,0.098362733185715,-0.845839919498411,"Rainfed",0.0715023804558755,"Pannar","John Deere",6.1756107638838
"Free State",1.21060938361804,-2.70067099533438,0.420867756261134,-1.1828173917291,"Rainfed",1.89137791433639,"Pioneer","John Deere",8.71644197177168
"North West",-1.73188096280715,2.39467544488321,-0.527294413876023,0.475899816694375,"Rainfed",-1.2964577523939,"Pannar","John Deere",4.96995680704817
"Mpumalanga",1.84281188682009,-0.789534463533177,1.20563430858561,-0.640742374227117,"Rainfed",0.450134202941082,"Pioneer","John Deere",8.46282438865439
"North West",0.573367585100615,0.446903707999552,0.328389473365565,-0.393155086602128,"Rainfed",0.633343149304894,"Dekalb","John Deere",7.61115509954268
"Free State",-0.272317792371114,1.04833165810313,-1.34933802686206,0.350194869592613,"Rainfed",-2.30207130243526,"Dekalb","John Deere",3.42517860280533
"Free State",-1.20733613225183,-0.789534463533177,-1.58261189776156,0.226695272440006,"Rainfed",-0.486267078473946,"Pannar","John Deere",4.41223996975871
"Mpumalanga",1.8102855261481,0.242357146289199,-0.0432121661909291,-0.149096358895785,"Rainfed",0.0877876201326586,"Pioneer","New Holland",7.41494187995072
"Free State",-1.07081704098066,-1.27189799711879,-1.15438029845441,0.942551865935298,"Rainfed",-0.632834235564992,"Pannar","New Holland",3.98305550084276
"Free State",-0.0166880845546328,-0.722369920882017,0.401125201485676,-0.524887990231576,"Rainfed",0.686270178254438,"Pannar","New Holland",7.04431004837391
"Free State",-1.30033403670836,-0.123994904535313,-0.802780984130942,0.481339679902287,"Rainfed",-0.421126119766813,"Pannar","John Deere",6.13241348768717
"North West",-1.07768880731981,0.34310396026594,0.72570838822167,-0.164533808539861,"Rainfed",0.132572029243813,"Pannar","New Holland",4.90450181407816
"Mpumalanga",0.770358220156326,-0.383494273869343,2.14899072525769,1.38656232236491,"Rainfed",0.735125897284788,"Pioneer","New Holland",8.76982408136705
"Free State",-1.11662881657501,-0.130100772049055,1.76375113667868,0.649240322697856,"Rainfed",-0.816043181928803,"Dekalb","John Deere",5.44699661597389
"Free State",-0.137631172123721,0.248463013802941,-0.400656315809759,-0.109106013151131,"Rainfed",-0.995180818373417,"Pioneer","John Deere",6.89365888294625
"North West",-1.7355459048547,0.0744457896612972,-1.13632625165316,-0.698081472905113,"Rainfed",-0.909683310070305,"Pannar","John Deere",4.49791224491832
"Free State",0.0708124068305786,-0.740687523423242,-0.313373442065626,1.09501505908679,"Rainfed",1.77330992667971,"Pioneer","John Deere",6.61183439189291
"Free State",-0.869703346121457,0.523227051921325,-1.31076211391264,-0.574581875752506,"Rainfed",-2.03336484776834,"Dekalb","John Deere",3.82729599508409
"Free State",-1.49640843625219,-0.496452822873567,1.0260030371747,0.163916310554098,"Rainfed",-0.189061454372653,"Dekalb","New Holland",5.59537222118883
"Free State",-0.0464657386909613,-0.182000645915861,-1.38297830111761,-1.26309212987829,"Rainfed",-0.624691615726601,"Dekalb","John Deere",5.40792322420017
"Free State",0.474414149816815,-0.0782008981822495,-0.976307649788921,0.213169126085197,"Rainfed",-0.551408037181078,"Pannar","Case",6.22081919032581
"Free State",0.625134891522232,-0.322435598731923,0.506721892488622,-0.701610032823759,"Rainfed",0.840979955183877,"Pioneer","New Holland",6.26458492847044
"Free State",1.39797954579894,-0.17589477840212,0.383850466057149,0.899032960271998,"Rainfed",0.441991583102692,"Pioneer","John Deere",7.86106644107699
"Mpumalanga",3.2904639956016,-0.743740457180113,1.34318276586989,2.67213431939158,"Rainfed",2.75042430728669,"Pioneer","New Holland",8.91016939500158
"Free State",1.02919475226441,-1.05513970038095,-0.725239502545753,-1.18781618494718,"Rainfed",-0.136134425423108,"Dekalb","John Deere",8.03208844257681
"Mpumalanga",2.91709802450764,-2.18167225666632,-0.734591239018338,1.04855568682462,"Rainfed",0.0348605911831139,"Dekalb","John Deere",9.48054174729195
"Free State",0.406612721937175,-0.594146703093437,1.00028576187509,-0.459756655066569,"Rainfed",-0.555479347100273,"Dekalb","New Holland",7.08011418372765
"Free State",1.37690612902554,-0.37433547259873,0.635697924673033,-0.941993177281512,"Rainfed",-0.282701582514156,"Pioneer","John Deere",8.17861361504703
"Mpumalanga",2.07187076479185,-0.0171422230448299,3.56473971902413,0.41738453137683,"Rainfed",1.96466149288191,"Pannar","New Holland",9.03494967623233
"North West",-0.920096299275244,0.862102698933999,-1.15217224956505,0.419589881325983,"Rainfed",-0.616548995888211,"Pioneer","John Deere",3.93160723656719
"Free State",-1.62468140791637,1.66197134323418,-1.65482808496652,-0.925673587657775,"Rainfed",-0.730545673625691,"Pannar","New Holland",2.85120481011579
"North West",-0.959036308530443,1.64365374069296,0.500487401506898,-0.228047887075487,"Rainfed",-0.417054809847616,"Pioneer","John Deere",3.90392409520134
"Mpumalanga",0.358052239807163,0.190457272422394,1.98949166430859,1.09810254901561,"Rainfed",1.17889867847713,"Pannar","Case",8.19979356670495
"Mpumalanga",1.20373761727889,0.663662004737388,-0.135041022942569,0.547500178376898,"Rainfed",1.28475273637622,"Dekalb","Case",7.19497075834802
"Free State",-0.994311375738094,-0.795640331046919,0.555428853283339,-0.18791051800089,"Rainfed",0.633343149304894,"Pioneer","Case",5.53380234839222
"Free State",-0.330956865131884,-0.725422854638887,-0.629514088930536,-1.20090126131216,"Rainfed",-0.433340049524399,"Pioneer","John Deere",5.92635853909582
"Free State",0.0666893470270871,1.77492989223841,1.05886400005753,-0.690730306407934,"Rainfed",-0.873041520797543,"Pioneer","John Deere",5.10070513227755
"Free State",-0.962701250577991,-0.136206639562797,-0.0126891374262399,0.136864017844479,"Rainfed",0.0877876201326586,"Pioneer","John Deere",4.70204553725908
"Mpumalanga",1.02827851675252,0.932320175342031,0.491135665034313,-0.275536422647264,"Rainfed",1.04454545114367,"Pioneer","John Deere",6.57800681263222
"North West",-1.78319015147283,0.282045285128521,-1.43947837563948,-1.80134454080174,"Rainfed",-1.76465839310142,"Pannar","John Deere",3.37786522719664
"Mpumalanga",1.2069444415705,-0.230847586025796,-0.537945002636468,0.60425118373512,"Rainfed",1.1056150999316,"Dekalb","Case",6.88761250571713
"Free State",-0.765710615522279,0.1477161998262,-0.803040754588514,2.42043037852817,"Rainfed",-1.01960867788859,"Dekalb","John Deere",6.18883966855353
"Free State",0.566037701005518,-0.27664159237886,0.328779129051923,1.33642736685415,"Irrigated",0.116286789567029,"Pioneer","New Holland",6.93715267025506
"Free State",-0.575591746805721,-1.16809824938517,-1.26543216906636,-0.790559147439625,"Rainfed",-0.604335066130623,"Dekalb","John Deere",5.9119929997877
"Free State",-0.0570024470776619,-0.368229605084988,0.440870081494165,-1.08578199396633,"Rainfed",-0.213489313887828,"Dekalb","John Deere",6.96755402298535
"Free State",-0.978277254280071,-1.12841011054585,-1.06488937582091,-0.957283603595645,"Rainfed",-2.48528024879907,"Dekalb","John Deere",4.1202250649871
"Free State",0.102880649746625,0.224039543747974,0.0955052581524249,0.323730670202769,"Rainfed",0.213998227627728,"Pioneer","John Deere",4.86355516562335
"Mpumalanga",-0.701574129690187,1.05749045937374,-1.39090130007355,-0.320231514950112,"Rainfed",-1.46338145908093,"Dekalb","New Holland",5.51216117183353
"Free State",0.660409958729883,-2.615188850142,-0.770829217849608,-0.318173188330902,"Rainfed",0.1447859590014,"Dekalb","New Holland",7.18851334217222
"Mpumalanga",0.14915054309692,0.923161374071418,3.53317760842916,0.872715784212098,"Irrigated",-0.469981838797163,"Pioneer","Case",8.37266275116166
"Free State",0.148234307585033,-1.57719137280588,0.396709103706955,-0.957283603595645,"Rainfed",0.332066215284405,"Dekalb","John Deere",8.04325540321673
"Mpumalanga",0.65491254565856,0.312574622697231,-0.0267167421351182,0.233899415607242,"Rainfed",-0.0465656072008016,"Dekalb","John Deere",7.42703587983648
"Free State",-0.0432589143993565,0.21488074247736,-1.03280772431079,0.432527934361019,"Rainfed",0.547845641001781,"Pannar","John Deere",5.52785552924395
"Mpumalanga",3.72292715721228,-0.905545946294272,-0.0720466869814016,2.5558388654062,"Rainfed",2.19672615827607,"Pioneer","Case",9.17803375875202
"Free State",-1.08959986897434,-0.70099938458392,-1.12827336746844,-1.86088898942889,"Rainfed",-0.0547082270391923,"Pioneer","John Deere",4.20325902973125
"Mpumalanga",1.99903004159683,-0.221688784755183,0.61829330401572,-0.338903477852946,"Rainfed",-0.763116152979257,"Dekalb","John Deere",8.39457654323491
"Free State",0.748826685626981,-0.200318248457086,2.88297215312688,-1.39717740678684,"Rainfed",1.03640283130527,"Dekalb","New Holland",8.84082780231664
"North West",-0.22879660555648,1.99474112273312,1.77894770844663,-0.444907298742268,"Rainfed",-1.78908625261659,"Pioneer","John Deere",6.4254043677309
"North West",-0.820684746235501,-0.53614096171289,-0.191670982693227,0.851544424700222,"Rainfed",1.69188372829579,"Pannar","Case",6.1779114371786
"Mpumalanga",-0.0185205555784068,-0.786481529776306,-0.549245017540842,-0.544001023124241,"Rainfed",0.140714649082205,"Pannar","John Deere",5.64158284227307
"Free State",0.0808909974613362,0.886526168988966,1.57022214578767,-0.361986140654089,"Rainfed",-0.901540690231914,"Pioneer","John Deere",8.20885496761508
"Free State",1.13364560061953,0.254568881316682,1.44501278523805,0.863600337755596,"Rainfed",0.617057909628111,"Pannar","Case",7.90361033255142
"Free State",-0.561390096371472,0.1477161998262,-0.47339204392987,-0.765271134689329,"Rainfed",-0.176847524615067,"Pannar","John Deere",6.87663210469196
"Free State",0.374086361265186,0.153822067339942,2.29757942698878,1.47080669042258,"Rainfed",1.33767976532576,"Dekalb","New Holland",8.04335221085107
"Free State",0.913749077766646,0.193510206179264,0.430998804106435,1.70530890168259,"Rainfed",1.33360845540657,"Dekalb","John Deere",7.67693953546557
"Mpumalanga",2.15433196086168,-1.98933742998345,-0.420398870585217,-0.236869286872102,"Rainfed",-1.94379602954603,"Pannar","John Deere",8.76187173943327
"Free State",-0.323168863280844,0.700297209819839,-0.994491581818948,0.361515665998269,"Rainfed",0.368708004557169,"Pannar","Case",6.03244367093311
"Free State",-0.0909031610174819,-0.823116734858757,-0.77680393837376,2.4438070879892,"Rainfed",-1.52037979794967,"Pannar","John Deere",6.38290560258376
"Free State",-0.569636215978455,-0.0385127593429266,0.134211056330627,0.436938634259326,"Rainfed",0.372779314476364,"Pannar","John Deere",4.92529896054221
"North West",-0.677752006381125,1.03611992307564,-0.685104966850906,-0.374483123699293,"Rainfed",-1.84201328156614,"Pioneer","Case",2.89228993532691
"North West",-1.70851695725403,2.37941077609885,-0.918898378665548,0.318290806994857,"Rainfed",-1.46338145908093,"Pioneer","John Deere",3.32651415716878
"North West",-1.35530816742158,1.16739607462109,-0.630942826447181,0.256099938428722,"Irrigated",-0.697975194272124,"Dekalb","Case",4.68178597446608
"Mpumalanga",0.727753268853579,0.330892225238456,1.71153727470674,-0.82525665330631,"Rainfed",2.31072283601355,"Dekalb","John Deere",8.44155953124986
"North West",-0.0854057479461601,0.788832288769096,-0.216608946620122,0.556174554843569,"Rainfed",-0.714260433948907,"Pannar","John Deere",6.23058096785294
"Free State",-0.501376670342871,-1.26884506336191,0.815459081312735,1.12750721500432,"Rainfed",2.11937126981135,"Pannar","John Deere",6.51392083439941
"Free State",-0.413418061201716,0.816308692580934,-0.828758029888125,1.13221196156252,"Rainfed",-1.61401992609117,"Pannar","John Deere",4.0530214389368
"Free State",-0.544897857157505,0.422480237944584,-1.09528251935682,-0.138657702469791,"Rainfed",-0.807900562090411,"Dekalb","John Deere",6.48814037120998
"Free State",-0.521533851604386,1.31698982870777,-1.21451715938228,0.0290959169958347,"Rainfed",-1.2028176242524,"Dekalb","Case",4.97346363261571
"Free State",0.397908484574248,-0.447605882763632,0.326571080162562,-0.289797685651791,"Rainfed",-0.469981838797163,"Dekalb","John Deere",8.56881513628055
"Free State",-0.458313601284181,0.752197083686646,-0.515864513742863,0.0171870272704047,"Rainfed",-0.00178119808964762,"Dekalb","New Holland",5.75792648111485
"North West",-0.743262845481047,3.13348541404597,-0.268303267676915,0.788177369494539,"Irrigated",-0.555479347100273,"Pannar","Case",4.96903803143181
"Free State",-0.739139785677556,-0.462870551547987,0.483342551307158,-1.42246541953713,"Rainfed",-1.98858043865719,"Pannar","John Deere",5.50839833149322
"Free State",-0.134882465588059,-1.57719137280588,-0.203360653283959,2.28105226174165,"Rainfed",-0.555479347100273,"Pioneer","New Holland",6.88881993072357
"Free State",0.525723338482489,-0.762058059721338,-0.130105384248704,0.0442393199800231,"Irrigated",-1.03589391756537,"Dekalb","New Holland",5.8804609926016
"Mpumalanga",0.828081057405209,-0.142312507076538,-1.18165619649945,0.307411080579032,"Rainfed",1.15854212888115,"Dekalb","John Deere",7.72781188520972
"Mpumalanga",0.170682077626265,0.254568881316682,0.861438452302948,0.803908865798502,"Rainfed",0.84912257502227,"Pioneer","John Deere",6.56922003653683
"North West",-0.702948482958018,2.88009191222569,-1.60754986168845,-0.924350377688283,"Rainfed",-0.697975194272124,"Dekalb","John Deere",3.49201965734022
"Free State",-0.0647904489287019,-0.682681782042695,-1.15061362681961,-0.282299495824668,"Rainfed",1.47203299265922,"Dekalb","John Deere",6.71323882068923
"Free State",0.0341629863550975,-0.0690420969116363,0.901572987997794,0.530592495433386,"Rainfed",0.205855607789338,"Dekalb","John Deere",7.05146808563944
"Mpumalanga",-0.68370753720839,0.251515947559812,0.870400533089176,-0.285681032413371,"Rainfed",0.079645000294268,"Pioneer","New Holland",6.15518029190726
"Mpumalanga",1.06950911478744,-0.0629362293978946,-0.354936715277118,-0.18629326137151,"Rainfed",-0.522908867746707,"Pannar","John Deere",6.55072482476779
"Free State",-1.21833095839447,0.21182780872049,-0.0756834733874071,-0.669558946896058,"Rainfed",1.19518391815391,"Pannar","John Deere",3.83167568031509
"Free State",0.544964284232117,0.66976787225113,-0.509240367074781,0.799351142570251,"Rainfed",-0.172776214695869,"Dekalb","John Deere",6.84202544583453
"Free State",0.394701660282644,-0.395706008896826,0.610889845974923,-0.580609832280193,"Rainfed",-0.152419665099891,"Pioneer","John Deere",6.30791396713462
"Free State",1.83960506252849,-0.240006387296408,0.621670319964154,0.0408577833913209,"Rainfed",0.466419442617865,"Pioneer","John Deere",8.53254869939691
"Free State",-0.126178228225133,0.346156894022811,1.37968051515874,0.0996671153687529,"Rainfed",1.91173446393237,"Dekalb","Case",6.85802146624753
"Free State",-0.212762484098457,0.492697714352616,0.528412725695869,-1.45260520217557,"Rainfed",-0.958539029100654,"Pannar","John Deere",5.40959571955132
"Free State",-0.173822474843258,-0.881122476239305,-0.183877868966072,-0.0795543238324713,"Rainfed",0.458276822779475,"Pioneer","Case",6.93984291183813
"Free State",-0.19489589161666,1.13991967080925,-0.864736238261822,-0.223931233837067,"Rainfed",-0.59619244629223,"Pannar","Case",5.38004906160696
"Mpumalanga",1.26375104330749,-0.362123737571246,0.122781156197466,-0.111899456420059,"Rainfed",1.37025024467933,"Dekalb","John Deere",7.99552220455952
"Free State",0.463419323674171,-0.621623106905275,-0.477678256479805,-0.911853394643078,"Rainfed",0.93462008332538,"Pannar","New Holland",6.50891750744324
"Free State",0.313614817480642,0.801044023796581,-0.315321720497415,-0.565466429296004,"Rainfed",-0.962610339019851,"Pannar","John Deere",6.60434760304083
"Free State",-0.664008473702819,0.959796579153869,-0.0120397112823102,-1.55228701987731,"Rainfed",-2.40385405041515,"Pannar","John Deere",5.29746487209882
"North West",-1.79601744863924,0.605656263356841,-0.269212464278416,-0.355664137466515,"Rainfed",0.637414459224089,"Pannar","New Holland",3.28664100307066
"Mpumalanga",1.14509854451812,-0.630781908175888,-1.10021815805068,-0.748363451745818,"Rainfed",2.14379912932652,"Pannar","Case",7.65063060658662
"Mpumalanga",0.1257865375438,-0.655205378230855,0.132003007441266,-0.929055124246478,"Rainfed",-0.331557301544505,"Pioneer","Case",7.0359251320925
"North West",-1.38004652624253,1.65891840947731,-0.677961279267681,1.9043784904262,"Rainfed",0.348351454961188,"Pioneer","Case",3.96653126492017
"Free State",-0.299804857727725,-0.169788910888377,-0.521839234267015,0.725986500928404,"Rainfed",0.344280145041993,"Dekalb","John Deere",6.24804173336097
"Free State",-0.134424347832116,-0.0324068918291848,-1.60884871397631,-1.07063859098215,"Rainfed",-0.486267078473946,"Pioneer","John Deere",5.38908526686355
"Mpumalanga",3.36788589635606,-0.352964936300633,-0.576391030357098,0.257717195058102,"Rainfed",1.88323529449799,"Pioneer","John Deere",9.5342728592779
"Mpumalanga",-0.285145089537532,-0.0812538319391198,-0.0494466571726528,0.714077611202974,"Rainfed",-0.107635255988739,"Pioneer","New Holland",6.73525504768119
"Free State",-0.521075733848442,-1.17420411689892,0.281111250087493,-0.247307943298096,"Rainfed",0.629271839385697,"Dekalb","New Holland",6.73133375582253
"Mpumalanga",2.38339083883344,0.199616073693006,1.32512871906865,-0.63883107093785,"Irrigated",1.31325190581059,"Pioneer","John Deere",8.87382480422507
"Mpumalanga",0.0199613359208484,0.660609070980517,-0.0321719217441267,0.0921689255416305,"Rainfed",0.230283467304511,"Pannar","John Deere",5.42064503815384
"Mpumalanga",0.844573296619175,-0.939128217619853,-0.379225253060083,-0.646917354084747,"Rainfed",0.323923595446015,"Pannar","John Deere",6.4041048413528
"Free State",0.0538620498606689,-0.502558690387308,-0.121403073920048,-0.922880144388847,"Rainfed",0.348351454961188,"Dekalb","John Deere",5.42909199459291
"Free State",-0.596665163579123,-1.06429850165156,0.360730895333257,-1.27485399627378,"Irrigated",1.19925522807311,"Pioneer","Case",6.28372662911534
"Free State",0.30170375582611,-2.38011295086293,0.0775810965799688,0.30035396074174,"Rainfed",1.22368308758828,"Pannar","New Holland",7.32216531551428
"Free State",-1.01767538129121,0.00728124701013702,-0.0733455392692606,0.246249375322502,"Rainfed",-0.0384229873624092,"Pioneer","John Deere",5.71037117022579
"Free State",-1.02775397192197,-0.200318248457086,-0.230896321786572,-0.14439161233759,"Rainfed",-0.197204074211045,"Pannar","John Deere",5.58016538571691
"Free State",-0.000653963096609788,-0.490346955359825,1.54346578865777,-0.867305325670174,"Rainfed",0.32799490536521,"Dekalb","John Deere",8.07361101851496
"Free State",-0.319045803477353,-0.117889037021571,1.53112669192311,-0.0766138572335998,"Irrigated",-1.06846439691894,"Pioneer","John Deere",6.88970247751021
"Mpumalanga",-0.187566007521564,0.797991090039709,0.00640399120528916,0.169944267081784,"Rainfed",-0.950396409262263,"Pannar","New Holland",5.86015490985151
"Free State",-0.639728232637813,-0.041565693099798,0.376966548931496,-0.129395232683345,"Rainfed",0.629271839385697,"Pioneer","John Deere",6.32456366787367
"Free State",-0.348823457613681,-0.871963674968692,-1.69223503085687,0.333875279968876,"Rainfed",-0.0587795369583894,"Pannar","Case",3.90924776401176
"Mpumalanga",-0.214136837366287,-0.182000645915861,-0.453259833468053,-1.03799941173467,"Rainfed",-0.535122797504295,"Dekalb","John Deere",6.21590462249891
"Mpumalanga",1.03652463635951,-0.148418374590281,-0.817717785441322,-0.784972260901769,"Rainfed",0.836908645264682,"Pannar","John Deere",6.42750044367239
"Free State",-1.34110651698733,0.239304212532329,1.09666060163423,-0.0435336079962943,"Rainfed",-1.22317417384838,"Pioneer","John Deere",5.33422070903938
"Free State",0.62101183171874,-1.51918563142533,-0.0775018665904101,-0.346989760999844,"Rainfed",0.698484108012026,"Pannar","John Deere",7.30943061683346
"North West",-0.629649642007056,1.1246550020249,-0.849669551722657,0.90564901011946,"Rainfed",-1.28424382263632,"Pioneer","New Holland",4.46164235819926
"North West",1.39797954579894,1.63754787317922,0.462171259015054,-0.967869283351582,"Rainfed",-0.221631933726219,"Dekalb","Case",6.61666798638165
"Free State",0.30949175767715,-0.584987901822825,2.33342775013369,0.782590482956683,"Rainfed",1.0160462817093,"Pioneer","John Deere",8.61791819873938
"Free State",-0.585212219680535,-0.884175409996175,-0.768361398502676,-0.953019927027281,"Rainfed",-0.661333404999363,"Pannar","John Deere",4.56599543396983
"Mpumalanga",0.586653000022977,-0.1148361032647,-0.439621884445533,-0.523711803592027,"Rainfed",0.104072859809442,"Pannar","John Deere",5.98546578273359
"Free State",-1.11113140350369,0.914002572800804,-0.173616935891985,0.310792617167734,"Irrigated",-0.388555640413247,"Pioneer","New Holland",5.88675126530134
"Free State",-0.0959424563328607,0.126345663528104,-0.682637147503974,-1.51082644083322,"Rainfed",-1.08882094651492,"Pannar","John Deere",5.26336063479463
"North West",-0.33691239595915,2.34582850477327,0.732592305347323,0.175825200279528,"Rainfed",1.45167644306324,"Pannar","John Deere",7.16400932202414
"Free State",-0.0950262208209735,-0.249165188567021,-0.802910869359728,-0.639419164257625,"Rainfed",0.739197207203983,"Pioneer","New Holland",6.41636368021429
"Free State",-0.808315566825026,0.190457272422394,-0.421957493330648,-0.432704362356951,"Rainfed",-0.176847524615067,"Pannar","John Deere",5.50479686931004
"North West",-0.601246341138558,0.773567619984742,-1.08463193059637,-0.273919166017884,"Rainfed",-2.01707960809156,"Pannar","John Deere",4.18135658862057
"Mpumalanga",2.66879820078625,-0.133153705805926,0.539452970142672,0.391214378646873,"Rainfed",1.96873280280111,"Pioneer","John Deere",9.27447625543701
"Free State",-0.375394287458405,-0.76511099347821,-0.442349474250036,-0.651181030653111,"Rainfed",0.950905323002164,"Dekalb","John Deere",6.13061893598562
"Mpumalanga",1.47723391757717,-1.05208676662408,-0.835122406098634,-1.04167499498326,"Rainfed",1.06897331065884,"Pioneer","Case",8.13672472863922
"Mpumalanga",2.15799690290923,-0.288853327406343,-0.324024030826071,2.50202832664685,"Rainfed",1.23182570742667,"Dekalb","Case",10.4901560670841
"Free State",-0.863289697538248,1.61007146936738,-1.08203422602065,-0.593988955305058,"Rainfed",-1.24760203336355,"Pannar","John Deere",5.06280200655653
"Free State",-0.0689135087321934,0.349209827779682,-1.11918140145342,-0.678821416682504,"Rainfed",-1.62623385584876,"Dekalb","New Holland",4.13091001585148
"Mpumalanga",2.5524362907766,0.239304212532329,-0.398318381691612,0.57999233429443,"Rainfed",1.06490200073965,"Dekalb","Case",8.40239556122627
"Mpumalanga",2.26840328209162,-0.17589477840212,-1.07761812824193,-0.523123710272252,"Rainfed",2.22115401779124,"Pannar","New Holland",7.25304236451336
"Mpumalanga",1.16479760802369,-0.4720293528186,1.68867747444042,-1.0316774085471,"Rainfed",0.967190562678947,"Pannar","Case",7.56556013559367
"North West",-0.243456373746673,1.00559058550693,-0.654711823315003,2.05478335695848,"Rainfed",-1.34531347142425,"Pannar","New Holland",5.48326650526512
"Free State",-1.09692975306944,-0.359070803814375,-0.256094056171039,1.47756976359999,"Rainfed",2.05830162102341,"Pioneer","John Deere",5.95723778684577
"Free State",0.566495818761462,-0.981869290216045,-0.0632144914239595,-0.496953557542295,"Rainfed",0.0918589300518557,"Pannar","New Holland",7.47026794833718
"Free State",1.78050787201178,-0.230847586025796,0.407489577696185,2.15461219799017,"Rainfed",1.26032487686104,"Pioneer","John Deere",9.62109638820074
"Free State",-1.05844786157019,-1.21694518949511,-0.375978122340436,-0.601487145132181,"Rainfed",0.490847302133041,"Pannar","Case",5.5401099922251
"Free State",-0.441821362070214,0.511015316893841,0.52139892334143,0.494424756267266,"Rainfed",-0.482195768554749,"Dekalb","Case",6.45763162784393
"Free State",-0.206806953271192,0.443850774242681,0.982881141217775,-0.168650461778281,"Rainfed",0.185499058193357,"Pannar","John Deere",5.77503023313584
"North West",0.777688104251423,-0.17894771215899,0.0570592304317949,-0.291856012271001,"Irrigated",0.0470745209407017,"Pioneer","John Deere",7.3836224592841
"Free State",-0.983774667351393,0.446903707999552,-1.38791393981148,0.206700099567679,"Rainfed",-0.657262095080167,"Pioneer","John Deere",4.85897847032996
"Free State",-1.12166811189039,2.12296434052169,-0.174266362035914,-0.0757317172539383,"Rainfed",0.104072859809442,"Dekalb","New Holland",5.84745359392183
"Mpumalanga",0.486325211471347,-0.261376923594505,-0.222323896686702,-0.75997829481136,"Rainfed",0.987547112274925,"Dekalb","Case",7.41603630732819
"Free State",-0.609492460745541,0.535438786948809,-0.934874261806215,-0.868187465649835,"Rainfed",-0.848613661282369,"Dekalb","John Deere",5.17834390981481
"North West",-1.69202471804007,0.859049765177128,-0.425854050194226,0.948138752473154,"Rainfed",0.275067876415665,"Dekalb","John Deere",5.32226118140799
"Free State",0.280630339052709,0.541544654462551,0.874946516096682,-0.958606813565137,"Rainfed",0.80026685599192,"Pioneer","Case",7.26253367997748
"Free State",-0.412043707933886,-0.0629362293978946,-0.229597469498713,0.36813171584573,"Rainfed",-1.61809123601037,"Pioneer","Case",6.01295149673165
"Mpumalanga",1.07271593907905,0.932320175342031,-0.876685679310126,0.120544428220742,"Rainfed",0.0552171407790924,"Pioneer","New Holland",5.7363523043748
"North West",-0.962701250577991,0.0439164520925885,-0.069968523320827,1.21675037628007,"Rainfed",0.820623405587899,"Pannar","John Deere",5.81958334312401
"Mpumalanga",1.33155247118713,-0.17894771215899,-0.786545330532703,-0.224372303826898,"Rainfed",-2.13107628582904,"Dekalb","John Deere",5.71749667793707
"Free State",-0.853669224663434,-0.658258311987727,-0.0952961429340797,-1.06799217104316,"Rainfed",-0.653190785160972,"Dekalb","Case",4.91661343201865
"Free State",0.224281855071656,-0.642993643203372,0.0288741357852518,-0.325524354828081,"Rainfed",0.995689732113318,"Pioneer","John Deere",5.84231989206379
"Mpumalanga",-0.0125650247511408,-0.172841844645248,1.71712233954454,-1.56228460631348,"Rainfed",0.678127558416046,"Pioneer","John Deere",6.98512443301161
"Free State",-0.815645450920123,-0.948287018890465,-0.51755302171708,-1.21148694106809,"Rainfed",-0.938182479504676,"Dekalb","John Deere",5.37057249202865
"Free State",0.201834085030424,0.0744457896612972,0.61322778009307,0.146861604280642,"Rainfed",0.592630050112935,"Pioneer","John Deere",7.16861887247595
"North West",0.444178377924543,0.0103341807670084,0.850787863542503,-0.0594121276302007,"Rainfed",-0.307129442029331,"Dekalb","John Deere",7.51898246396877
"Free State",-0.703864718469905,1.146025538323,-0.512877153480787,0.482662889871779,"Rainfed",-1.43895359956576,"Dekalb","Case",4.24894467458744
"Free State",-1.55596374452484,-1.07345730292217,-1.47727497721618,-1.54420073673042,"Rainfed",-2.41606798017274,"Pioneer","John Deere",3.30652767923918
"Mpumalanga",0.580239351439767,0.117186862257491,-0.131404236536563,0.387097725408452,"Rainfed",0.873550434537443,"Dekalb","Case",7.00743105571465
"Free State",-0.483510077861074,0.21488074247736,-0.00177877820822323,0.29256172425473,"Rainfed",-0.0384229873624092,"Pannar","John Deere",5.78078292759112
"Free State",0.117998535692761,0.104975127230007,0.203439883273518,-0.566642615935552,"Rainfed",0.275067876415665,"Pannar","New Holland",6.3812463143782
"Free State",-0.30438603528716,-0.597199636850308,-0.0956857986204375,-1.21045777775849,"Rainfed",1.3051092859722,"Pannar","New Holland",5.08125265024689
"Free State",-0.219176132681666,-0.270535724865118,-0.4279322138548,0.656444465865091,"Rainfed",-1.06032177708055,"Pannar","New Holland",5.16767011897489
"Free State",-0.910017708644487,0.721667746117936,0.889104006034347,-0.429469849098192,"Rainfed",-0.803829252171215,"Pioneer","New Holland",5.62158300593925
"Free State",-0.985607138375167,-1.47339162507227,-0.409878167053558,-0.460344748386344,"Rainfed",-0.816043181928803,"Pioneer","John Deere",5.98951518887363
"North West",-1.03187703172546,0.685032541035484,-0.471703535955653,-0.64088939755706,"Rainfed",-0.710189124029712,"Dekalb","New Holland",4.59928856629834
"Free State",-0.587960926216196,0.0469693858494589,0.147069693980432,-0.945521737200159,"Rainfed",1.61045752991188,"Pannar","Case",6.74865164631826
"Free State",-0.962243132822048,-0.551405630497244,0.00913158100979342,-0.631626927770615,"Rainfed",0.637414459224089,"Pioneer","Case",6.67561864308662
"North West",-0.900855353525616,2.62059254289166,2.00611697359319,0.92579120632173,"Rainfed",-1.3005290623131,"Pioneer","John Deere",4.86408111765101
"Mpumalanga",0.499152508637765,0.486591846838874,1.4500783091607,0.946815542503662,"Rainfed",0.820623405587899,"Pioneer","John Deere",8.14893928640969
"Free State",0.0153801583614132,-0.34075320127315,0.904300577802299,0.536179381971242,"Rainfed",-0.669476024837755,"Pioneer","John Deere",7.53704604916018
"Free State",-0.0670810377084195,-1.76342033197501,0.03497874153819,-1.06578682109401,"Rainfed",-0.449625289201182,"Pioneer","John Deere",6.64323262114098
"North West",-1.89909394372654,1.65586547572044,-1.05203073817111,-1.29220274920712,"Rainfed",-0.710189124029712,"Dekalb","John Deere",3.45449282069988
"Free State",-0.371729345410857,-0.591093769336566,-1.06203190078762,0.213463172745084,"Rainfed",0.669984938577655,"Pannar","John Deere",7.04448353580352
"Mpumalanga",-0.0867801012139904,0.169086736124297,-0.918898378665548,-0.209816994162483,"Rainfed",-0.465910528877965,"Pannar","Case",6.0058967670134
"Free State",-1.36996793561178,-1.11925130927524,-1.10762161609148,-0.729691488842983,"Rainfed",-2.01707960809156,"Pioneer","Case",4.23864576213694
"Mpumalanga",-0.779912265956529,0.721667746117936,0.162526036205955,-0.535179623327626,"Rainfed",0.0267179713447233,"Dekalb","John Deere",5.86399568421824
"Free State",0.0827234684851101,-1.3756977448524,-0.644970431156059,-1.35483468776309,"Rainfed",0.515275161648215,"Dekalb","John Deere",6.47707531275179
"North West",-0.886195585335424,1.15518433959361,-0.518851874004939,0.356516872780187,"Rainfed",-0.050636917119997,"Dekalb","John Deere",5.69721490753937
"Free State",0.599938414945338,-0.21252998348457,1.51164390760522,-0.962135373483783,"Rainfed",-0.750902223221671,"Dekalb","John Deere",7.79701570380574
"Free State",-0.716692015636323,-0.926916482592369,-0.0719168017526158,-0.860101182502938,"Rainfed",0.836908645264682,"Dekalb","Case",8.05657222527244
"Free State",-0.932923596441662,0.379739165348391,-0.36311948469063,-1.56360781628297,"Rainfed",-0.270487652756568,"Dekalb","New Holland",4.65915823614647
"Free State",0.62101183171874,-1.77257913324562,-0.69484635900985,3.14246195188109,"Rainfed",-0.864898900959153,"Dekalb","John Deere",7.70678350070092
"North West",-0.441363244314271,-1.32990373849933,-0.834343094725919,-0.0354473248493972,"Rainfed",-0.0343516774432138,"Dekalb","John Deere",5.03521022204826
"Free State",-0.436323948998892,0.141610332312459,-0.872139696302619,-1.12680150302059,"Rainfed",-0.237917173403002,"Dekalb","Case",5.98907140231625
"Mpumalanga",1.32605505811581,0.367527430320907,-0.113739845421679,0.277565344600485,"Rainfed",1.22775439750748,"Pioneer","John Deere",7.27719479337645
"Mpumalanga",-1.02867020743386,0.309521688940359,-0.90993629787932,-0.91067720800353,"Rainfed",-1.93158209978845,"Dekalb","John Deere",3.79388934712694
"Free State",-1.22520272473363,0.385845032862132,-0.278174545064644,1.8618887480725,"Rainfed",0.165142508597379,"Pioneer","John Deere",4.66767617300051
"Free State",-0.676835770869238,-1.2810567983894,0.935343147482132,2.28252249504109,"Rainfed",0.148857268920596,"Pioneer","Case",7.01797022948452
"Free State",-0.959494426286386,-0.261376923594505,-0.0865938326054238,2.62964457703788,"Rainfed",-0.0791360865543679,"Pannar","Case",5.43184803621535
"Free State",-1.13953470437219,-1.87637888097923,-0.861489107542175,-1.04579164822168,"Rainfed",-0.828257111686389,"Dekalb","New Holland",5.06472356989754
"Free State",-0.122513286177584,0.712508944847323,-1.0096881535869,0.210669729476156,"Rainfed",-0.649119475241775,"Pannar","John Deere",4.44563989775528
"North West",-1.26551708725665,3.16401475161468,-0.243105533292448,2.66772361949327,"Rainfed",-1.36974133093943,"Pioneer","John Deere",3.28326001840523
