"region","temperature_C","rainfall_mm","irrigation","fertiliser_kgha","chem_weed_control_kgha","soil_organic_matter","seed_brand","tractor_brand"
"Free State",22.91,473.2,"Rainfed",282.39,142.1,3.952,"Pioneer","John Deere"
"Mpumalanga",20.59,1090.1,"Rainfed",137.26,69.5,3.849,"Pannar","John Deere"
"Free State",26.82,772.1,"Rainfed",88.33,109.8,3.934,"Pioneer","Case"
"North West",22.01,534,"Irrigated",204.35,116.8,3.392,"Pioneer","John Deere"
"North West",32.33,613.1,"Rainfed",213.88,175.04,3.812,"Pannar","Case"
"Free State",27.46,1055.4,"Rainfed",483.67,149.03,3.118,"Pioneer","John Deere"
"Free State",19.21,248.4,"Rainfed",341.34,97.07,3.667,"Pannar","John Deere"
"North West",31.2,564.6,"Rainfed",135.02,198.14,3.962,"Pannar","John Deere"
"Free State",33.72,955.2,"Rainfed",107.27,234.29,4.107,"Dekalb","John Deere"
"Free State",21.77,469.7,"Rainfed",214.11,77.03,3.58,"Pioneer","John Deere"
"North West",32.22,420.5,"Rainfed",383.41,147.5,3.677,"Pannar","John Deere"
"Free State",20.87,469.1,"Rainfed",99.53,97.48,3.173,"Pannar","John Deere"
"Mpumalanga",25.33,562.7,"Rainfed",118.09,103.77,3.027,"Pannar","Case"
"Free State",25,555.3,"Rainfed",345.45,163.77,3.484,"Pannar","John Deere"
"Free State",30.61,485.4,"Rainfed",358.83,197.51,3.547,"Pioneer","John Deere"
"North West",20.71,453.4,"Rainfed",178.65,160.91,3.456,"Pioneer","John Deere"
"Free State",23.79,793.5,"Rainfed",82.68,107.2,3.273,"Pannar","New Holland"
"Free State",21.89,469.3,"Rainfed",130.64,224.43,3.126,"Pioneer","New Holland"
"Free State",23.21,356.1,"Rainfed",270.02,214.9,3.759,"Pannar","John Deere"
"North West",24.85,671.8,"Rainfed",410.45,87.62,3.801,"Pannar","John Deere"
"North West",23.83,437.1,"Rainfed",163.38,156.2,3.434,"Pioneer","John Deere"
"Mpumalanga",23.74,642,"Rainfed",125.8,81.24,4.005,"Pioneer","John Deere"
"Mpumalanga",18.74,1090.7,"Rainfed",187.25,260.65,3.565,"Dekalb","John Deere"
"North West",35.42,608.8,"Irrigated",174.92,153.24,3.745,"Pioneer","John Deere"
"Mpumalanga",18.44,577.4,"Rainfed",111.8,218.28,3.314,"Pannar","Case"
"Mpumalanga",22.3,922.9,"Rainfed",211.48,161.48,3.713,"Pioneer","John Deere"
"Free State",26.13,784.5,"Rainfed",296.83,129.55,3.702,"Dekalb","New Holland"
"Free State",26.35,452.9,"Rainfed",165.4,189.66,3.56,"Pioneer","John Deere"
"Free State",22.79,267.7,"Irrigated",214.54,83.29,3.798,"Dekalb","John Deere"
"Free State",24.32,548.1,"Rainfed",183.07,71.97,3.45,"Pioneer","John Deere"
"North West",32.81,594.2,"Rainfed",200.1,102.72,2.859,"Pioneer","John Deere"
"North West",20.72,237.6,"Rainfed",150.22,152.8,3.375,"Dekalb","New Holland"
"Mpumalanga",19.65,759.4,"Rainfed",273.53,113.13,3.755,"Dekalb","New Holland"
"Mpumalanga",22.96,501.9,"Rainfed",181.5,110.57,2.929,"Pioneer","John Deere"
"Free State",22.22,776,"Rainfed",132.86,204.56,3.004,"Pioneer","John Deere"
"Free State",29.48,653.3,"Rainfed",214.97,108.77,3.486,"Dekalb","Case"
"Mpumalanga",24.02,1142.9,"Rainfed",246.97,209.49,3.58,"Pannar","John Deere"
"Free State",24.29,478.7,"Rainfed",159.37,96.45,3.849,"Dekalb","John Deere"
"Free State",17.97,535.4,"Rainfed",52.76,121.3,3.495,"Dekalb","New Holland"
"Free State",24.1,453.3,"Rainfed",329.47,94.19,3.635,"Pioneer","John Deere"
"Free State",22.73,532.1,"Rainfed",119.6,112.5,3.577,"Dekalb","John Deere"
"Free State",23.59,744,"Rainfed",141.82,81.16,3.733,"Pannar","John Deere"
"Free State",19.27,479.7,"Rainfed",327.03,165.76,3.778,"Pioneer","John Deere"
"Free State",25.99,644.7,"Rainfed",73.48,229.73,3.092,"Dekalb","New Holland"
"Free State",19.84,602.6,"Rainfed",102.82,154.15,3.307,"Dekalb","Case"
"Free State",23.1,531.5,"Rainfed",119.66,290.66,3.769,"Pannar","John Deere"
"Free State",25.53,509.1,"Rainfed",94.2,65.64,2.831,"Pioneer","John Deere"
"Free State",20.87,553.3,"Rainfed",262.76,97.37,2.733,"Dekalb","John Deere"
"Free State",26.33,691.5,"Rainfed",281.38,171.57,3.536,"Dekalb","Case"
"North West",21.42,852.6,"Rainfed",203.46,180.06,3.538,"Pannar","New Holland"
"Free State",12.76,619.5,"Rainfed",136.49,157.16,3.437,"Dekalb","John Deere"
"Free State",25.86,458.7,"Rainfed",137.41,295.01,3.73,"Pioneer","John Deere"
"Mpumalanga",24.52,497.1,"Rainfed",129.24,285.94,3.842,"Pioneer","New Holland"
"Free State",22.86,421.6,"Rainfed",131.64,71.12,3.782,"Dekalb","John Deere"
"Free State",26.02,667.4,"Rainfed",201.91,112.94,3.441,"Pannar","New Holland"
"Free State",19.38,476.7,"Rainfed",241.98,71.92,3.495,"Pannar","Case"
"Free State",23.49,840.6,"Irrigated",135.5,86.02,3.611,"Pannar","John Deere"
"Mpumalanga",16.18,808.8,"Rainfed",188.34,151.76,2.907,"Dekalb","Case"
"North West",33.91,489.5,"Rainfed",59.73,158.87,3.146,"Pannar","John Deere"
"Free State",31.44,434.8,"Rainfed",169.87,96.13,3.691,"Dekalb","John Deere"
"Mpumalanga",25.22,226.6,"Rainfed",113.28,155.4,3.532,"Dekalb","Case"
"Free State",23.89,538.9,"Rainfed",262.23,98.4,3.1,"Pioneer","Case"
"Free State",23.87,384.6,"Rainfed",272.13,151.84,3.864,"Pannar","John Deere"
"Free State",17.94,790.1,"Rainfed",64.73,142.93,3.683,"Dekalb","John Deere"
"Mpumalanga",24.37,815.3,"Rainfed",243.33,119.83,3.333,"Dekalb","Case"
"Free State",23.16,471.4,"Rainfed",129.36,88.76,3.491,"Pannar","Case"
"Mpumalanga",20.03,529.9,"Rainfed",153.43,110.56,3.525,"Pioneer","John Deere"
"Mpumalanga",17.76,766.1,"Rainfed",240.88,169.04,3.445,"Pioneer","John Deere"
"Mpumalanga",21.1,557.2,"Rainfed",220.4,109.15,3.448,"Dekalb","Case"
"Free State",20.6,596.4,"Rainfed",116.17,117.64,3.464,"Dekalb","John Deere"
"Mpumalanga",20.81,661.2,"Irrigated",188.43,84.54,3.712,"Pioneer","John Deere"
"Mpumalanga",18.35,818,"Rainfed",134.9,112.1,3.837,"Pioneer","Case"
"Mpumalanga",27.06,604,"Rainfed",279.87,134.44,3.65,"Dekalb","John Deere"
"Free State",23.94,586.7,"Rainfed",84.4,98.35,4.018,"Pioneer","John Deere"
"Free State",28.3,618.9,"Irrigated",232.96,114.69,3.667,"Pioneer","John Deere"
"Free State",13.59,609.4,"Rainfed",296.92,83.39,3.634,"Dekalb","John Deere"
"Free State",22.19,502.7,"Rainfed",54.32,189.55,3.746,"Pioneer","John Deere"
"Mpumalanga",19.97,673.8,"Rainfed",216.55,362.49,3.477,"Pioneer","Case"
"Free State",19.11,803.6,"Rainfed",140.99,112.55,3.753,"Dekalb","John Deere"
"Free State",30.19,510.3,"Rainfed",172.37,167.21,4.065,"Pannar","New Holland"
"Free State",18.34,590,"Rainfed",146.67,274.33,3.454,"Pannar","John Deere"
"Mpumalanga",22.96,1141.4,"Rainfed",220.67,114.6,3.858,"Pannar","John Deere"
"Free State",27.39,324.2,"Rainfed",243.95,114.36,3.465,"Pannar","John Deere"
"Mpumalanga",22.53,1067,"Rainfed",211.59,181.17,3.319,"Pioneer","John Deere"
"Free State",20.5,543.6,"Rainfed",157.23,89.07,3.844,"Pioneer","New Holland"
"Free State",27.76,560.3,"Rainfed",137.38,125.87,3.615,"Pannar","John Deere"
"North West",28.85,627.8,"Rainfed",154.97,106.33,3.384,"Dekalb","John Deere"
"North West",22.68,548.5,"Rainfed",149.35,88.46,4.025,"Dekalb","New Holland"
"North West",21.06,428.2,"Rainfed",179.45,163.83,2.935,"Dekalb","John Deere"
"Free State",32.35,559,"Rainfed",115.9,127.8,3.44,"Dekalb","John Deere"
"Free State",21.29,527.6,"Rainfed",210.82,356.07,3.437,"Dekalb","John Deere"
"Mpumalanga",16.43,1220.1,"Rainfed",107.66,38.48,3.541,"Pannar","John Deere"
"Free State",26.13,743,"Rainfed",87.59,181.01,3.536,"Dekalb","Case"
"Mpumalanga",22.93,559.5,"Rainfed",183.51,94.4,4.055,"Pannar","John Deere"
"Free State",18.58,776.1,"Rainfed",196.2,119.71,2.91,"Pioneer","John Deere"
"Free State",16.23,725.3,"Rainfed",254.22,83.83,3.848,"Pioneer","New Holland"
"Mpumalanga",21.65,824.5,"Rainfed",223.88,175.71,3.297,"Pioneer","John Deere"
"Free State",28.56,327.1,"Rainfed",180.57,248.08,3.736,"Pannar","Case"
"Free State",26.54,744.8,"Rainfed",220.62,168.89,3.364,"Pannar","New Holland"
"Free State",22.03,545.6,"Rainfed",108.48,90.68,3.757,"Pannar","John Deere"
"Free State",20.66,232.7,"Rainfed",101.35,278.31,3.409,"Dekalb","Case"
"Free State",25.08,886.7,"Rainfed",98.18,126.4,3.334,"Pannar","John Deere"
"Free State",24.63,653.2,"Irrigated",167.64,147.15,3.129,"Pannar","New Holland"
"North West",31.15,522.3,"Irrigated",217.82,132.99,3.161,"Pioneer","John Deere"
"Free State",22.42,455.1,"Rainfed",241.69,123.51,3.38,"Pioneer","Case"
"North West",32.5,343,"Irrigated",308.82,140.9,3.427,"Pioneer","John Deere"
"North West",23.85,237.6,"Rainfed",189.16,86.03,3.618,"Dekalb","John Deere"
"Mpumalanga",21.01,728.2,"Rainfed",155.77,226.79,3.496,"Pioneer","Case"
"Free State",26.96,1091.3,"Rainfed",124.22,181.09,3.898,"Pannar","John Deere"
"Free State",27.96,367.3,"Rainfed",183.22,140.77,3.087,"Pioneer","New Holland"
"North West",18.31,576.1,"Rainfed",160.05,206.8,3.682,"Pannar","John Deere"
"Free State",24.43,525.3,"Rainfed",143.28,79.01,3.762,"Pannar","John Deere"
"Free State",26.44,568,"Rainfed",123.39,220.03,3.636,"Pioneer","Case"
"North West",20.75,749.4,"Rainfed",107.31,149.34,3.483,"Dekalb","Case"
"Mpumalanga",23.44,770.1,"Rainfed",108.36,169.95,3.361,"Pannar","John Deere"
"Free State",20.69,979.8,"Rainfed",306.88,111.03,3.12,"Pannar","New Holland"
"Free State",28.08,721.7,"Rainfed",182.95,96.05,3.027,"Pannar","New Holland"
"North West",30.69,601.8,"Rainfed",137.03,106.66,3.679,"Dekalb","John Deere"
"Free State",27.08,542.6,"Rainfed",84.13,215.31,3.383,"Pioneer","Case"
"Free State",24.48,563.8,"Rainfed",178.52,220.59,3.036,"Dekalb","John Deere"
"Mpumalanga",24.59,355.6,"Rainfed",133.18,271.05,3.626,"Pannar","John Deere"
"Free State",29.52,618.4,"Irrigated",158.6,132.24,3.713,"Pioneer","John Deere"
"Free State",31.86,480.6,"Rainfed",150.64,97.18,2.809,"Dekalb","New Holland"
"Free State",23.89,984.7,"Rainfed",228.68,261.31,4.082,"Dekalb","John Deere"
"Free State",15,982.9,"Rainfed",159.76,68.25,3.936,"Pannar","John Deere"
"North West",28.16,607.6,"Rainfed",152.51,126.67,3.1,"Pannar","John Deere"
"Free State",24.82,642.2,"Rainfed",450.46,177.66,3.255,"Pioneer","John Deere"
"Free State",23.38,1163.9,"Rainfed",260.97,81.14,3.611,"Pioneer","New Holland"
"Free State",26.27,712,"Rainfed",173.82,68.01,3.606,"Pioneer","Case"
"Mpumalanga",25.03,486.7,"Rainfed",120.59,168.89,3.124,"Pioneer","John Deere"
"Mpumalanga",20.45,889.7,"Rainfed",271.36,279.13,3.344,"Pannar","John Deere"
"North West",26.53,315.9,"Irrigated",110.7,98.97,4.386,"Dekalb","John Deere"
"Mpumalanga",23.19,623.3,"Rainfed",161.16,100.21,3.782,"Pannar","New Holland"
"Mpumalanga",20.35,784.2,"Rainfed",236.23,89.49,3.944,"Pioneer","John Deere"
"Free State",24.37,598.4,"Rainfed",138.13,262.74,3.256,"Pannar","John Deere"
"Mpumalanga",16.11,774.6,"Rainfed",140.74,99.27,3.45,"Pioneer","John Deere"
"Mpumalanga",18.64,701.8,"Rainfed",198.3,93.73,3.12,"Pannar","John Deere"
"Mpumalanga",18.02,1167.3,"Rainfed",174.52,95.13,3.678,"Pannar","John Deere"
"North West",23.73,514.6,"Irrigated",147.97,104.71,3.474,"Pannar","John Deere"
"Free State",21.23,629.7,"Rainfed",150.5,104.25,4.203,"Pannar","John Deere"
"Free State",25.53,560.4,"Irrigated",182.98,177.92,3.391,"Pannar","New Holland"
"Free State",27.93,826.1,"Rainfed",200.53,155.41,3.504,"Pannar","John Deere"
"Free State",21.09,901.4,"Rainfed",284.96,167.81,3.252,"Dekalb","John Deere"
"Free State",20.01,630.6,"Rainfed",137.67,102.76,3.583,"Pannar","New Holland"
"Mpumalanga",18.87,834,"Rainfed",287.68,187.49,3.301,"Pannar","John Deere"
"Free State",22.34,525.8,"Rainfed",88.3,35.21,3.184,"Dekalb","Case"
"Free State",23.04,610.1,"Irrigated",125.08,224.23,3.469,"Dekalb","John Deere"
"Free State",25.93,688.3,"Rainfed",92.61,148.54,3.225,"Pioneer","John Deere"
"Free State",22.71,654.7,"Rainfed",187.58,113.56,3.247,"Pannar","John Deere"
"Mpumalanga",15.76,670.9,"Rainfed",196.67,167.87,3.687,"Pioneer","John Deere"
"Mpumalanga",21.73,673.2,"Rainfed",92.1,78.98,3.838,"Dekalb","John Deere"
"Free State",28.75,563.2,"Irrigated",167.86,102.64,3.734,"Pannar","John Deere"
"Free State",28.77,504.2,"Rainfed",111.59,142.68,3.467,"Pannar","John Deere"
"Free State",20.84,555.7,"Rainfed",202.86,67.93,3.531,"Pannar","John Deere"
"Free State",17.81,652.8,"Rainfed",85,133.52,3.297,"Pioneer","New Holland"
"Free State",33.83,363.6,"Irrigated",237.45,133.75,3.525,"Pioneer","Case"
"Free State",23.35,534.1,"Rainfed",161.41,120.1,3.792,"Pioneer","New Holland"
"Free State",23.61,422.6,"Irrigated",105.95,76.56,3.19,"Dekalb","John Deere"
"Free State",25.68,764,"Rainfed",158.8,228.16,3.803,"Pannar","Case"
"Free State",17.54,395.1,"Rainfed",146.94,70.3,3.308,"Pannar","Case"
"Free State",21.09,925.4,"Rainfed",140.9,70.56,3.665,"Dekalb","John Deere"
"Free State",17.84,541.1,"Rainfed",87.1,104.95,3.098,"Pioneer","Case"
"Mpumalanga",19.92,748.9,"Rainfed",128.3,270.38,3.576,"Pannar","Case"
"Free State",24.48,715.3,"Rainfed",152.82,142.53,3.897,"Pannar","Case"
"Free State",18.54,894.8,"Rainfed",87.63,152.53,3.52,"Dekalb","John Deere"
"Free State",26.36,495.5,"Irrigated",187.02,123.5,3.002,"Dekalb","John Deere"
"Mpumalanga",22.87,738.4,"Rainfed",294.66,153.29,4.002,"Pioneer","John Deere"
"Free State",20.38,531.7,"Rainfed",229.27,180.04,3.257,"Dekalb","John Deere"
"Free State",24.91,852.7,"Rainfed",117.19,186.08,3.22,"Pioneer","John Deere"
"Free State",26.99,858.1,"Irrigated",124.45,249.77,3.322,"Pioneer","John Deere"
"Mpumalanga",25.18,516.7,"Rainfed",134.98,96.23,3.185,"Pannar","Case"
"Free State",23.15,864.2,"Rainfed",212.74,126.71,3.582,"Pioneer","John Deere"
"North West",27.53,724.4,"Rainfed",161.75,163.32,3.593,"Pannar","John Deere"
"Mpumalanga",21.74,423.4,"Rainfed",110.12,196.05,3.38,"Dekalb","New Holland"
"Mpumalanga",26.32,951.2,"Rainfed",86.56,117.25,3.765,"Pioneer","John Deere"
"Mpumalanga",25.38,572,"Rainfed",208.57,181.45,3.622,"Dekalb","New Holland"
"Free State",27.34,438.4,"Rainfed",105.59,106.56,3.084,"Pioneer","New Holland"
"Free State",22.85,634.5,"Irrigated",203.13,116.81,3.701,"Dekalb","John Deere"
"North West",29.87,757,"Rainfed",169.67,213.02,3.097,"Pioneer","Case"
"Free State",25.61,490.6,"Rainfed",223.47,58.93,3.454,"Dekalb","John Deere"
"Mpumalanga",18.87,745.8,"Rainfed",261.75,149.97,3.447,"Dekalb","John Deere"
"Free State",17.09,658.4,"Rainfed",89.89,205.02,3.288,"Dekalb","New Holland"
"Mpumalanga",23.93,625.6,"Rainfed",253.88,116.64,3.836,"Dekalb","New Holland"
"Free State",17.88,285.8,"Rainfed",220.27,179.38,3.499,"Pannar","Case"
"Free State",24.01,466.1,"Rainfed",144.36,99.34,3.639,"Pioneer","John Deere"
"Free State",25,340,"Rainfed",163.11,146.66,3.455,"Pioneer","Case"
"Free State",26.26,399.7,"Rainfed",202.39,136.52,3.204,"Pioneer","John Deere"
"Free State",24.76,782.7,"Rainfed",217.73,134.21,3.683,"Pioneer","John Deere"
"North West",24.34,301.8,"Rainfed",79.45,77.16,3.229,"Dekalb","Case"
"North West",32.93,804,"Rainfed",305.58,126.46,3.734,"Dekalb","John Deere"
"Free State",30.95,415,"Rainfed",90.47,94.71,4.177,"Dekalb","John Deere"
"Free State",27.52,805.4,"Rainfed",67.98,115.87,3.603,"Pannar","John Deere"
"North West",18.28,828.1,"Rainfed",246.65,214.17,3.741,"Pioneer","John Deere"
"Mpumalanga",26.2,793.2,"Rainfed",86.58,105.7,3.635,"Dekalb","New Holland"
"North West",27.72,389.4,"Rainfed",149.55,133.97,3.838,"Pannar","New Holland"
"Free State",26.1,483.3,"Rainfed",92.86,142.29,3.102,"Pannar","John Deere"
"Free State",26.49,1103.7,"Rainfed",76.78,124.96,3.244,"Pioneer","John Deere"
"Mpumalanga",21.71,377.1,"Rainfed",136.34,194.4,3.507,"Pannar","John Deere"
"Free State",23.7,1082,"Rainfed",216.5,133.39,3.522,"Pannar","Case"
"Free State",28.08,715.4,"Rainfed",188.1,145.6,3.145,"Pannar","John Deere"
"Free State",26.85,435,"Rainfed",125.22,91.56,2.944,"Pioneer","Case"
"North West",32.95,392.6,"Rainfed",163.39,114.71,3.301,"Dekalb","John Deere"
"Mpumalanga",29.15,1057.3,"Rainfed",157.74,102,4.01,"Pioneer","John Deere"
"Free State",26.66,318.3,"Rainfed",162.85,167.78,4.133,"Pannar","John Deere"
"Free State",24.83,299.9,"Rainfed",136.11,226.62,3.716,"Pannar","John Deere"
"North West",16.95,285,"Rainfed",191.73,110.79,3.009,"Dekalb","John Deere"
"Free State",34.77,697,"Rainfed",103.87,50.85,3.687,"Pioneer","Case"
"Free State",22.07,719.1,"Rainfed",193.08,93.39,3.352,"Pioneer","New Holland"
"Free State",33.5,422,"Rainfed",142.41,89.78,3.481,"Dekalb","New Holland"
"Free State",25.5,843.3,"Rainfed",142.64,229.58,3.715,"Pannar","Case"
"Free State",30.15,878.3,"Rainfed",221.96,144.83,3.994,"Dekalb","John Deere"
"Free State",23.56,740.3,"Rainfed",137.18,272.24,3.55,"Pannar","Case"
"Free State",26.05,496.7,"Rainfed",108.25,162.4,3.267,"Dekalb","John Deere"
"Mpumalanga",22.64,650.4,"Rainfed",98.7,68.39,3.735,"Pioneer","John Deere"
"Free State",23.26,770.2,"Rainfed",218.52,169.32,3.76,"Pannar","John Deere"
"Mpumalanga",21.64,731.2,"Rainfed",61.08,97.53,3.788,"Dekalb","John Deere"
"Free State",28.05,190.1,"Rainfed",137.8,135.96,3.786,"Dekalb","John Deere"
"Free State",23.19,238.3,"Rainfed",177.66,129.93,3.553,"Pioneer","John Deere"
"Mpumalanga",15.89,543.6,"Rainfed",91.75,127.51,3.239,"Pannar","John Deere"
"North West",27.02,427.2,"Rainfed",164.97,117.34,3.508,"Pannar","John Deere"
"Free State",26.16,393.9,"Rainfed",218.63,318.91,2.94,"Pioneer","Case"
"North West",31.08,605.1,"Rainfed",75.81,265.69,3.814,"Pannar","John Deere"
"Mpumalanga",23.85,753.6,"Rainfed",112.86,91.6,3.662,"Dekalb","Case"
"Mpumalanga",16.92,574,"Rainfed",347.59,148.46,3.732,"Pannar","Case"
"Free State",25.47,610.2,"Rainfed",124.57,226.6,3.539,"Dekalb","Case"
"Free State",27.87,423.4,"Rainfed",109.14,221.74,2.747,"Pannar","John Deere"
"Free State",29.11,299.3,"Rainfed",114.28,91.35,3.266,"Dekalb","John Deere"
"Free State",23.1,219.9,"Rainfed",136.79,254.14,3.749,"Dekalb","John Deere"
"Mpumalanga",21.03,594.9,"Rainfed",178,99.42,3.425,"Pioneer","Case"
"North West",35.44,491.4,"Rainfed",122.01,143.79,3.692,"Pioneer","John Deere"
"Mpumalanga",17,706.1,"Rainfed",179.19,146.5,3.251,"Dekalb","John Deere"
"Free State",22.25,435.1,"Rainfed",221.6,57.97,3.565,"Dekalb","New Holland"
"Free State",25.83,589,"Irrigated",189.72,128.12,3.323,"Dekalb","John Deere"
"Free State",17.53,706.4,"Rainfed",226.15,53.51,3.336,"Pioneer","John Deere"
"Free State",25.12,427.3,"Rainfed",117.07,56.79,3.42,"Pioneer","John Deere"
"Free State",31.51,592,"Rainfed",156.13,156.71,3.98,"Pioneer","Case"
"Free State",23.98,687.5,"Rainfed",218.08,158.16,3.555,"Dekalb","John Deere"
"Mpumalanga",21.16,804.8,"Rainfed",168.37,209.48,3.592,"Pannar","John Deere"
"Free State",25.9,757,"Rainfed",180.03,160.87,3.98,"Pannar","John Deere"
"Mpumalanga",21.16,1032.8,"Rainfed",168.08,100.79,3.459,"Pioneer","New Holland"
"Free State",27.25,759.7,"Rainfed",177.77,95.27,3.652,"Dekalb","New Holland"
"Mpumalanga",24.71,656.1,"Irrigated",162.77,194.27,3.281,"Dekalb","John Deere"
"Free State",24.01,1063.3,"Rainfed",103.14,258.84,3.791,"Pioneer","John Deere"
"Mpumalanga",18.47,549.3,"Rainfed",177.1,193.77,3.109,"Dekalb","John Deere"
"Free State",18.73,823.2,"Rainfed",135.57,149.67,3.519,"Dekalb","Case"
"Mpumalanga",20.22,710.9,"Rainfed",302.6,131.83,3.859,"Dekalb","John Deere"
"Free State",27.19,479.7,"Rainfed",131.36,280.04,3.874,"Pannar","John Deere"
"North West",18.21,378.5,"Rainfed",175.46,44.98,3.473,"Dekalb","John Deere"
"North West",18.57,533.4,"Rainfed",71.17,211.21,2.794,"Pioneer","John Deere"
"Mpumalanga",20.04,556.3,"Rainfed",124.35,126.18,4.001,"Pannar","John Deere"
"Free State",25.58,593.6,"Rainfed",115.71,82.42,3.302,"Dekalb","John Deere"
"Free State",20.35,660.8,"Rainfed",277.49,197.06,3.731,"Pioneer","New Holland"
"Free State",27.55,508.7,"Rainfed",154.27,87.97,2.965,"Dekalb","Case"
"Free State",25.33,758.1,"Rainfed",174.93,158.35,3.371,"Pioneer","John Deere"
"Free State",23.32,708.9,"Rainfed",186.85,147.6,3.997,"Pioneer","New Holland"
"Mpumalanga",24.46,861.7,"Rainfed",131.28,144.72,3.62,"Dekalb","John Deere"
"Free State",25.55,252,"Rainfed",186.89,59.74,3.562,"Pioneer","New Holland"
"Free State",22.22,493,"Rainfed",311.84,146.09,3.762,"Pioneer","John Deere"
"Free State",24.92,1094.4,"Rainfed",213.75,109.2,3.127,"Pannar","Case"
"North West",31.24,504.6,"Rainfed",222.77,99.46,3.468,"Dekalb","John Deere"
"North West",29.78,293.4,"Rainfed",115.41,80.38,3.588,"Pannar","John Deere"
"North West",24.71,759,"Rainfed",177.48,82,3.847,"Pioneer","John Deere"
"Mpumalanga",24.57,371.8,"Rainfed",186.3,93.39,3.23,"Dekalb","Case"
"North West",33.76,717.1,"Rainfed",124.55,236.43,3.538,"Pannar","Case"
"Free State",25.11,1227.1,"Rainfed",172.89,185.06,3.747,"Dekalb","John Deere"
"Free State",24.58,801.2,"Rainfed",380.21,153.56,4.626,"Dekalb","Case"
"Free State",23.7,437.1,"Rainfed",108.75,291.21,3.959,"Dekalb","John Deere"
"Free State",32.65,607.7,"Rainfed",208.01,278.02,2.751,"Pioneer","John Deere"
"Free State",25.11,1060.6,"Rainfed",104.26,202.94,3.538,"Pannar","John Deere"
"Free State",23.37,464.8,"Rainfed",191,80.38,3.543,"Dekalb","New Holland"
"North West",15.46,570.7,"Rainfed",105.69,256.78,3.772,"Dekalb","John Deere"
"Free State",17.74,383.8,"Rainfed",211.34,124.26,3.291,"Pannar","John Deere"
"Free State",23.69,452.5,"Rainfed",95.99,122.05,3.783,"Dekalb","Case"
"Free State",24.83,617,"Rainfed",165.92,151.04,3.286,"Pannar","John Deere"
"Mpumalanga",22.83,1094.6,"Rainfed",290.71,139.78,3.513,"Pioneer","John Deere"
"Mpumalanga",24.46,620.7,"Rainfed",149.66,109.17,3.677,"Pannar","John Deere"
"North West",27.03,331.2,"Rainfed",157.22,184.22,3.277,"Pioneer","John Deere"
"Free State",28.86,463,"Rainfed",298.57,109.74,3.49,"Pannar","Case"
"Free State",20.31,739.9,"Rainfed",390.48,105.79,3.996,"Dekalb","John Deere"
"Mpumalanga",18.37,860.6,"Rainfed",472.05,121.42,3.402,"Pannar","John Deere"
"Mpumalanga",18.31,1223.9,"Rainfed",139.17,97.02,3.226,"Pannar","New Holland"
"Free State",26.97,578.5,"Rainfed",105.09,145.52,3.699,"Pioneer","Case"
"Free State",23.67,631.3,"Rainfed",216.87,130.18,3.264,"Dekalb","John Deere"
"Free State",27.16,385.1,"Rainfed",197.9,119.2,3.384,"Pioneer","New Holland"
"Free State",22.93,441.9,"Rainfed",283.86,167,3.638,"Pannar","Case"
"Free State",21.63,466.6,"Rainfed",175.32,60.47,3.631,"Dekalb","John Deere"
"Free State",22.53,618.2,"Rainfed",176.11,152.04,3.857,"Pannar","Case"
"Free State",16.59,622.5,"Rainfed",312.79,202.79,3.323,"Pioneer","John Deere"
"Free State",19.32,673.6,"Rainfed",176.2,200.92,3.425,"Pannar","New Holland"
"Mpumalanga",17.67,649.4,"Rainfed",219.75,366.04,3.327,"Pannar","Case"
"Free State",28.22,762.5,"Rainfed",202.05,102.32,3.445,"Pioneer","Case"
"Free State",21.61,741.7,"Rainfed",161.41,87.98,4.114,"Pannar","John Deere"
"Free State",27.16,1089.4,"Rainfed",131.07,157.1,3.509,"Pioneer","John Deere"
"North West",35.58,218.9,"Irrigated",142.52,64.33,3.408,"Pioneer","John Deere"
"Mpumalanga",21.42,1149.3,"Rainfed",71.92,232.65,3.708,"Dekalb","John Deere"
"Mpumalanga",22.85,891.9,"Irrigated",283.05,85.4,3.161,"Dekalb","John Deere"
"North West",19.24,447.4,"Rainfed",83.56,165.14,3.787,"Dekalb","Case"
"Free State",20.73,697.1,"Rainfed",128,117,3.5,"Pioneer","John Deere"
"Free State",24.22,654.5,"Irrigated",140.55,47.27,3.288,"Pioneer","John Deere"
"Mpumalanga",22.9,922.4,"Rainfed",274.42,152.51,3.641,"Pannar","John Deere"
"Mpumalanga",19.72,687.5,"Irrigated",168.58,83.31,3.465,"Dekalb","John Deere"
"Free State",34.74,540.8,"Rainfed",245.6,204.69,3.403,"Dekalb","John Deere"
"Mpumalanga",20.62,736.8,"Rainfed",145.17,45.79,3.487,"Dekalb","New Holland"
"Mpumalanga",22.19,924.5,"Irrigated",334.44,128.25,3.996,"Pioneer","John Deere"
"Mpumalanga",23.95,851.8,"Rainfed",202.27,85.16,3.352,"Pioneer","New Holland"
"Free State",23.9,616.7,"Rainfed",207.51,224.18,3.784,"Dekalb","Case"
"Free State",21.43,567.8,"Irrigated",238.75,98.4,3.552,"Dekalb","John Deere"
"Free State",28.18,596.3,"Rainfed",87.66,205.88,3.396,"Pioneer","John Deere"
"Free State",30.46,475.4,"Rainfed",163.75,110.42,3.266,"Dekalb","John Deere"
"Free State",23.88,609.3,"Rainfed",180.16,143.99,3.387,"Dekalb","John Deere"
"Free State",26.25,479.9,"Rainfed",118.78,260.14,3.393,"Pioneer","John Deere"
"Free State",23.61,997.9,"Rainfed",165.34,100.42,3.86,"Pioneer","Case"
"Mpumalanga",25.05,519.3,"Rainfed",121.09,304.71,3.25,"Pioneer","John Deere"
"Free State",19.38,426.1,"Rainfed",180.57,210.58,3.991,"Pannar","John Deere"
"Free State",33.28,683.8,"Rainfed",77.09,240.41,3.416,"Pioneer","John Deere"
"Mpumalanga",20.19,939.5,"Rainfed",185.6,50.15,3.345,"Dekalb","New Holland"
"Mpumalanga",17.62,560.8,"Rainfed",125.55,126.13,3.305,"Pioneer","John Deere"
"Free State",22.6,629.3,"Rainfed",245.09,70.89,3.56,"Pannar","John Deere"
"Free State",24.59,380.6,"Irrigated",71.17,190.4,3.998,"Dekalb","Case"
"North West",36.12,700.7,"Rainfed",167.48,233.9,3.39,"Pannar","New Holland"
"North West",32.56,433.5,"Rainfed",149.76,103.34,3.419,"Pannar","John Deere"
"Free State",24.57,287.4,"Rainfed",245.22,108.31,3.527,"Pannar","John Deere"
"Free State",18.44,305.2,"Rainfed",84.1,66.18,3.51,"Pioneer","John Deere"
"Mpumalanga",19.4,864.5,"Rainfed",130.3,193.1,3.315,"Dekalb","John Deere"
"Free State",23.35,661.2,"Rainfed",222.53,260.05,3.8,"Dekalb","John Deere"
"Free State",34.21,478.4,"Rainfed",213.37,63.92,3.076,"Dekalb","John Deere"
"North West",18.7,483.8,"Rainfed",191.35,60.8,3.212,"Pannar","Case"
"Free State",28.52,953.2,"Rainfed",185.93,225.87,3.385,"Pannar","John Deere"
"Free State",21.89,605.6,"Rainfed",81,247.33,3.421,"Pannar","John Deere"
"North West",36.33,302.5,"Rainfed",236.08,160.3,3.737,"Pioneer","John Deere"
"Mpumalanga",18.58,942.7,"Rainfed",180.27,151.36,3.36,"Pioneer","John Deere"
"Free State",24.57,888,"Rainfed",76.12,103.17,3.466,"Pioneer","John Deere"
"Mpumalanga",18.7,744.9,"Rainfed",152.81,158,3.43,"Pioneer","Case"
"Mpumalanga",24.71,671,"Rainfed",246.6,111.21,3.98,"Dekalb","New Holland"
"Free State",29.94,686.6,"Rainfed",221.77,336.66,3.915,"Dekalb","John Deere"
"Free State",31.8,611.1,"Rainfed",125.81,111.35,3.149,"Pioneer","John Deere"
"Mpumalanga",24.39,800.6,"Rainfed",241.81,33.77,3.643,"Pioneer","John Deere"
"Mpumalanga",27.53,1012.9,"Rainfed",138.97,169.7,3.13,"Pioneer","John Deere"
"Mpumalanga",25.74,545.7,"Rainfed",193.45,77.8,3.235,"Pannar","John Deere"
"North West",27.34,777.5,"Irrigated",243.97,195.85,3.324,"Dekalb","New Holland"
"Free State",25.91,731,"Rainfed",194.15,68.43,3.246,"Pannar","John Deere"
"Free State",20.11,291.3,"Rainfed",124.67,121.18,3.552,"Pioneer","John Deere"
"Free State",23.26,540.1,"Rainfed",232.98,161.65,3.399,"Pannar","New Holland"
"Free State",28.88,1093.2,"Rainfed",308,124.53,3.612,"Pannar","John Deere"
"Free State",26.17,683.5,"Rainfed",110.87,57.28,3.864,"Pannar","John Deere"
"Free State",25.83,516.8,"Rainfed",152.24,72.13,3.832,"Pannar","John Deere"
"North West",22.81,587.4,"Rainfed",251.88,93.19,2.878,"Pioneer","Case"
"Free State",21.58,439.6,"Rainfed",114.56,279.55,3.414,"Pannar","John Deere"
"Free State",20.94,307.8,"Irrigated",79.27,128.5,3.624,"Dekalb","John Deere"
"Mpumalanga",23.19,946.8,"Rainfed",133.33,239.45,3.879,"Dekalb","Case"
"Free State",20.04,615.5,"Rainfed",258.69,147.2,3.341,"Pannar","Case"
"North West",30.81,536.6,"Rainfed",92.26,109.15,3.502,"Pioneer","John Deere"
"Free State",19.53,910,"Rainfed",148.03,224.22,4.03,"Pioneer","John Deere"
"Free State",31.31,373,"Rainfed",247.46,81.7,3.506,"Pannar","John Deere"
"Mpumalanga",23.38,803.6,"Rainfed",167.8,262.31,4.079,"Dekalb","New Holland"
"North West",24.49,466.4,"Rainfed",209.25,204.14,2.817,"Dekalb","John Deere"
"Mpumalanga",22.72,1323.9,"Irrigated",327.77,157.73,4.175,"Pannar","John Deere"
"Free State",22.59,792.7,"Rainfed",241.11,175.42,2.806,"Pannar","New Holland"
"Free State",25.48,414.5,"Rainfed",211.42,148.79,3.813,"Pannar","Case"
"Mpumalanga",22.73,566.5,"Rainfed",202.61,111.46,3.817,"Dekalb","John Deere"
"Free State",19.94,406.4,"Rainfed",100.58,116.7,3.38,"Pannar","New Holland"
"Free State",20.83,602.9,"Rainfed",234.89,103.97,3.409,"Pioneer","Case"
"North West",29.5,319.4,"Rainfed",207.06,235.55,3.556,"Pannar","Case"
"Free State",30.56,275.1,"Rainfed",195.23,177.37,3.492,"Dekalb","John Deere"
"Free State",28.34,451.1,"Rainfed",168.53,129.52,3.537,"Dekalb","John Deere"
"Mpumalanga",20.13,921.2,"Rainfed",95.89,81.99,3.934,"Dekalb","Case"
"Free State",27.3,319.2,"Rainfed",175.57,156.66,3.526,"Pioneer","John Deere"
"Free State",23.81,612.7,"Rainfed",280.24,86.95,2.878,"Pannar","John Deere"
"Free State",25.21,533.6,"Irrigated",126.86,93.14,3.61,"Dekalb","John Deere"
"Free State",25.04,570.9,"Irrigated",76.57,335.99,3.392,"Pioneer","John Deere"
"Free State",34.3,592.1,"Rainfed",358.96,73.15,3.708,"Pioneer","New Holland"
"Free State",19.26,766.8,"Rainfed",129.44,91.85,3.267,"Dekalb","John Deere"
"North West",28.5,240.7,"Rainfed",266.93,105.04,3.371,"Dekalb","Case"
"Free State",16.88,524.8,"Rainfed",214.39,104.34,3.055,"Pioneer","John Deere"
"Free State",26.36,629.9,"Irrigated",332.51,82.48,3.044,"Pioneer","Case"
"North West",33.48,360.9,"Irrigated",161.57,125.06,2.914,"Dekalb","John Deere"
"Mpumalanga",26.34,720.5,"Rainfed",144.79,85.74,3.505,"Pioneer","John Deere"
"Free State",16.3,451,"Rainfed",343.19,246.66,2.69,"Dekalb","John Deere"
"Free State",25.65,622.7,"Rainfed",410.93,143.59,3.868,"Dekalb","Case"
"North West",35.97,758.9,"Rainfed",188.3,198.95,3.268,"Pannar","John Deere"
"Free State",22.34,433.7,"Irrigated",176.79,72.84,3.492,"Pioneer","John Deere"
"Mpumalanga",21.36,1125.1,"Rainfed",225.43,135.06,3.912,"Pioneer","John Deere"
"Free State",23.85,541,"Rainfed",123.63,173.17,3.581,"Dekalb","John Deere"
"Mpumalanga",23.1,774.5,"Rainfed",203.2,141.98,3.641,"Dekalb","John Deere"
"Free State",26.66,561.2,"Rainfed",108.06,136.99,3.291,"Pioneer","John Deere"
"North West",34.59,277.5,"Rainfed",144.97,85.89,3.037,"Dekalb","New Holland"
"Free State",23.62,737.3,"Rainfed",230.51,102.83,3.702,"Pannar","John Deere"
"Free State",24.79,775.1,"Rainfed",118.97,113.57,3.447,"Pannar","New Holland"
"Free State",33.95,828.6,"Rainfed",236.06,95.2,3.477,"Pannar","John Deere"
"Free State",25.72,480.2,"Rainfed",203.58,190.79,3.231,"Pioneer","John Deere"
"North West",28.94,777.9,"Rainfed",302.34,296.83,3.325,"Pannar","John Deere"
"Free State",18.63,608.5,"Rainfed",412.53,243.69,2.83,"Pannar","New Holland"
"Mpumalanga",22.01,692.5,"Rainfed",128.84,163.99,3.016,"Pioneer","John Deere"
"Mpumalanga",21.34,657.1,"Rainfed",194.16,128.97,3.04,"Pioneer","John Deere"
"Free State",23.96,781,"Irrigated",318.81,175.53,3.458,"Pioneer","John Deere"
"Free State",21.7,553.7,"Irrigated",178.99,95.78,3.181,"Pannar","John Deere"
"Free State",21.25,539.4,"Rainfed",124.62,152.89,3.618,"Pannar","Case"
"Free State",21.12,560.8,"Rainfed",107.69,146.35,3.514,"Pannar","Case"
"Free State",23.14,643.5,"Rainfed",298.1,48,3.353,"Pannar","John Deere"
"North West",34.84,200.2,"Irrigated",495.96,315.45,2.936,"Dekalb","John Deere"
"North West",33.25,605.3,"Irrigated",105.44,75.27,3.259,"Pannar","New Holland"
"Free State",22.56,686,"Rainfed",172.39,42.37,3.777,"Pannar","John Deere"
"North West",19.57,539,"Rainfed",84.53,135.91,3.651,"Pioneer","John Deere"
"Free State",20.62,628.1,"Rainfed",169.42,142.57,3.418,"Dekalb","New Holland"
"Free State",22.17,573.5,"Rainfed",144.37,135.45,2.827,"Pioneer","John Deere"
"Free State",24.41,505.1,"Irrigated",163.65,144.68,3.34,"Dekalb","New Holland"
"Mpumalanga",20.01,822.8,"Rainfed",500,80.33,2.654,"Pioneer","John Deere"
"Free State",32.03,391,"Rainfed",90.83,176.82,3.978,"Pioneer","New Holland"
"Free State",22.91,579.8,"Rainfed",197.61,250.88,3.508,"Pioneer","John Deere"
"Mpumalanga",18.36,1837.6,"Rainfed",358.14,93.67,4.006,"Pannar","New Holland"
"Free State",23.43,920.5,"Rainfed",126.9,155.69,3.474,"Pannar","John Deere"
"Mpumalanga",18.98,893.2,"Rainfed",116.16,120.53,4.164,"Dekalb","New Holland"
"Free State",24.62,429.1,"Rainfed",167.89,132.31,3.208,"Pioneer","John Deere"
"Free State",24.93,569.4,"Rainfed",285.72,209.6,3.741,"Pannar","John Deere"
"Free State",25.42,400.8,"Rainfed",142.19,153.76,3.469,"Dekalb","Case"
"Free State",17.51,512.5,"Rainfed",106.41,320.42,3.731,"Dekalb","John Deere"
"North West",29.1,374.1,"Rainfed",169.49,117.29,3.058,"Pannar","Case"
"Free State",25.24,675,"Rainfed",69.83,262.41,4.169,"Dekalb","John Deere"
"Free State",18.32,390.2,"Rainfed",87.92,111.04,3.59,"Dekalb","John Deere"
"Free State",27.82,580.3,"Rainfed",260.89,122.66,3.33,"Pannar","John Deere"
"Free State",27.14,481.5,"Rainfed",199.86,117.56,3.117,"Pioneer","John Deere"
"Mpumalanga",28.9,772.6,"Rainfed",65.35,154.46,3.034,"Dekalb","John Deere"
"Free State",24.63,452.7,"Rainfed",213.8,167.2,2.935,"Dekalb","New Holland"
"Free State",24.19,508.1,"Rainfed",61.82,144.97,2.971,"Pannar","Case"
"North West",28.48,479.2,"Rainfed",136.05,177.35,3.479,"Dekalb","John Deere"
"Mpumalanga",22.21,683.4,"Rainfed",186.79,96.07,3.847,"Pannar","New Holland"
"Free State",16.61,774.9,"Rainfed",89.69,122.25,3.646,"Pannar","John Deere"
"Free State",17.32,543.2,"Irrigated",281.74,181.56,2.937,"Pannar","New Holland"
"Free State",23.69,623.7,"Rainfed",275.47,215.49,3.525,"Pioneer","John Deere"
"North West",25.09,701.1,"Rainfed",123.51,157.95,3.95,"Pioneer","John Deere"
"North West",28.27,569.8,"Rainfed",264.75,186.23,3.781,"Pannar","Case"
"Free State",15.56,772.5,"Irrigated",178.8,197.36,4.097,"Pioneer","John Deere"
"Free State",18.01,476.8,"Irrigated",216.77,178.14,3.634,"Pannar","John Deere"
"North West",22.49,685.2,"Rainfed",218.7,123.08,2.522,"Pioneer","New Holland"
"Free State",27.94,660.5,"Rainfed",95.36,126.36,3.678,"Dekalb","New Holland"
"Mpumalanga",18.7,945.4,"Rainfed",69.59,179.15,3.611,"Pannar","John Deere"
"Free State",20.8,458.1,"Rainfed",419.53,111.05,2.98,"Pannar","John Deere"
"Free State",24.32,771.6,"Rainfed",181.47,128.19,3.47,"Pioneer","Case"
"Free State",22.71,462.6,"Rainfed",192.93,130.5,3.287,"Dekalb","John Deere"
"Free State",24.59,700.3,"Rainfed",99.12,67.21,3.369,"Pannar","New Holland"
"Free State",33.22,507.8,"Rainfed",266.05,157.66,3.593,"Pannar","John Deere"
"Free State",19.5,507,"Rainfed",359.18,175.06,3.327,"Pannar","John Deere"
"Mpumalanga",21.08,694.6,"Rainfed",314.67,132.29,3.32,"Dekalb","New Holland"
"Free State",21.93,821.2,"Rainfed",69.66,301.41,3.086,"Pannar","Case"
"North West",35.56,452.6,"Rainfed",105.75,125.72,3.489,"Pioneer","John Deere"
"Mpumalanga",19.69,470.2,"Rainfed",171.46,175.75,3.666,"Pannar","John Deere"
"Mpumalanga",21.75,911.1,"Rainfed",221.12,172.18,3.704,"Pannar","John Deere"
"Free State",27.15,1070.1,"Rainfed",130.57,192.56,3.882,"Pannar","New Holland"
"Free State",19.77,487.5,"Rainfed",114.24,163.62,2.793,"Pioneer","John Deere"
"Mpumalanga",26.97,769.2,"Rainfed",181.34,124.86,3.509,"Pioneer","New Holland"
"Free State",26.7,670.3,"Rainfed",110.23,174.54,3.091,"Pioneer","John Deere"
"Free State",19.7,684.8,"Rainfed",391.68,152.12,3.703,"Dekalb","John Deere"
"Free State",25.82,481.3,"Irrigated",75.78,151.44,3.502,"Pannar","New Holland"
"Free State",23.15,470.3,"Rainfed",204.15,187.08,3.167,"Dekalb","Case"
"Free State",25.25,390.2,"Rainfed",70.47,191.54,3.359,"Pannar","John Deere"
"North West",27.55,506.6,"Rainfed",133.35,135.41,3.894,"Pannar","New Holland"
"Mpumalanga",25.21,835.8,"Rainfed",308.91,114.37,3.35,"Pannar","John Deere"
"Mpumalanga",17.95,625,"Rainfed",264.83,245.11,3.004,"Pioneer","Case"
"Free State",21.91,271.5,"Rainfed",90.78,139.16,3.801,"Pannar","Case"
"Free State",23,502.9,"Rainfed",87.89,115.02,3.842,"Pioneer","John Deere"
"North West",23.02,325.1,"Rainfed",168.59,89.31,3.293,"Pioneer","John Deere"
"Free State",19.84,544.8,"Rainfed",109.75,153.23,4.003,"Pioneer","John Deere"
"Free State",23.93,725.2,"Rainfed",195.41,161.41,3.457,"Pannar","John Deere"
"Free State",23.47,380.1,"Rainfed",108.32,82.02,3.096,"Dekalb","John Deere"
"Free State",13.8,529.7,"Rainfed",83.03,74.71,3.437,"Pannar","Case"
"Free State",28.16,496.7,"Rainfed",137.03,147.51,3.546,"Pannar","John Deere"
"Free State",25,611.9,"Rainfed",97.81,94.5,3.662,"Pioneer","John Deere"
"Mpumalanga",29.25,1100.4,"Rainfed",260.91,247.33,3.635,"Pioneer","Case"
"Free State",26.74,465.5,"Rainfed",142.69,83.15,3.844,"Pioneer","John Deere"
"Mpumalanga",20.66,697.2,"Rainfed",161.86,68.35,3.587,"Pannar","John Deere"
"Free State",35.19,397.5,"Rainfed",295.59,131.78,3.589,"Dekalb","Case"
"Mpumalanga",30.5,419.4,"Rainfed",361.99,167.31,3.762,"Pioneer","New Holland"
"Free State",19.13,757.2,"Rainfed",160.83,145.73,3.479,"Pannar","New Holland"
"Mpumalanga",23.41,884.1,"Rainfed",189.49,128.83,3.286,"Pioneer","Case"
"Mpumalanga",21.37,1013.6,"Irrigated",286.76,160.82,3.458,"Pannar","John Deere"
"Free State",24.75,494.2,"Rainfed",152.74,96.65,3.083,"Pioneer","John Deere"
"Mpumalanga",22.68,703.2,"Rainfed",105.61,150.34,3.525,"Dekalb","Case"
"Free State",18.95,392.5,"Irrigated",250.87,93.88,3.648,"Pannar","John Deere"
"Free State",25.14,439,"Rainfed",86.1,95.11,3.163,"Dekalb","Case"
"Mpumalanga",27.25,793.5,"Rainfed",148.22,142.52,3.239,"Dekalb","John Deere"
"Free State",23.34,512.1,"Rainfed",138.67,163.16,3.158,"Pioneer","Case"
"Mpumalanga",21.51,848.1,"Rainfed",131.75,92.42,3.515,"Pannar","New Holland"
"Free State",29.59,710.6,"Rainfed",51.1,68.28,3.909,"Pannar","John Deere"
"Mpumalanga",24.7,873.4,"Rainfed",128.21,86.19,3.328,"Dekalb","John Deere"
"North West",19.76,590.9,"Rainfed",281.59,55.94,3.323,"Pannar","Case"
"Free State",24.91,630.3,"Rainfed",134.8,143.94,3.487,"Pannar","John Deere"
"Free State",30.61,497.2,"Rainfed",126.47,176.21,3.168,"Dekalb","John Deere"
"Mpumalanga",26.25,930.2,"Rainfed",123.97,302.46,3.821,"Pannar","John Deere"
"Free State",25.68,748.8,"Rainfed",113.46,91.37,3.412,"Pioneer","John Deere"
"Mpumalanga",24.16,537.7,"Rainfed",175.01,110.21,3.829,"Pioneer","John Deere"
"North West",22.02,340.3,"Rainfed",211.56,129.54,3.672,"Pannar","John Deere"
"Free State",25.2,630,"Rainfed",304.27,151.05,3.732,"Pannar","Case"
"Free State",20.18,564.5,"Rainfed",84.6,95.37,3.064,"Pioneer","New Holland"
"Mpumalanga",20.63,911.1,"Rainfed",194.55,205.33,3.032,"Dekalb","Case"
"Free State",27.74,398.8,"Rainfed",154.13,114.85,3.481,"Dekalb","New Holland"
"North West",22.32,568.3,"Irrigated",185.67,210.49,3.392,"Pannar","John Deere"
"Free State",25.07,680.5,"Rainfed",106.14,65.95,3.397,"Pioneer","John Deere"
"Free State",25.71,641.7,"Rainfed",167.7,126.48,3.462,"Dekalb","John Deere"
"Mpumalanga",22.16,573.3,"Rainfed",100.79,158.48,3.981,"Pannar","John Deere"
"Mpumalanga",27.47,542.4,"Rainfed",217.66,109.25,3.338,"Dekalb","New Holland"
"Free State",19.91,537.7,"Rainfed",110.07,109.91,3.321,"Dekalb","John Deere"
"Free State",26.42,262.1,"Rainfed",168.98,102.42,3.944,"Pannar","John Deere"
"Free State",23.64,416.7,"Rainfed",66.66,142.31,3.548,"Dekalb","Case"
"Free State",22.96,441.3,"Rainfed",188.98,238.04,3.558,"Pannar","John Deere"
"Free State",25.86,445.7,"Rainfed",263.26,86.27,3.086,"Pioneer","New Holland"
"Free State",19.92,424.7,"Rainfed",227.72,130.08,3.721,"Pannar","John Deere"
"Free State",18.75,532.3,"Rainfed",257.29,109.72,3.861,"Pioneer","Case"
"Free State",22.02,535.7,"Rainfed",92.49,254.53,3.712,"Pioneer","John Deere"
"North West",36.76,745.2,"Rainfed",153.08,319.83,3.114,"Pioneer","John Deere"
"Free State",24.22,868.3,"Rainfed",159.69,169.76,3.954,"Pannar","New Holland"
"Free State",25.33,465.8,"Rainfed",223.32,139.99,3.389,"Pannar","New Holland"
"Free State",23.24,695.7,"Rainfed",153.18,249.28,4.058,"Dekalb","Case"
"North West",30.35,611.3,"Irrigated",150.89,110.74,3.611,"Dekalb","John Deere"
"Free State",20.19,293.8,"Rainfed",335.4,132.54,3.608,"Pannar","John Deere"
"Mpumalanga",25.47,1155.1,"Irrigated",261.39,216.65,4.142,"Pioneer","John Deere"
"Free State",26.34,640.6,"Irrigated",78.03,142.46,3.853,"Dekalb","John Deere"
"Free State",20.77,585.1,"Irrigated",139.7,110.07,3.645,"Pannar","Case"
"Mpumalanga",22.16,1001.4,"Rainfed",107.94,147.56,3.303,"Pannar","Case"
"Free State",26.87,352.9,"Rainfed",500,111.43,3.733,"Pioneer","Case"
"Mpumalanga",23.67,688.7,"Rainfed",133.35,311.73,3.735,"Pioneer","John Deere"
"Free State",29.93,287.7,"Rainfed",267.8,114.67,3.291,"Pannar","New Holland"
"Free State",21.55,609.1,"Rainfed",171.35,206.38,3.44,"Pioneer","John Deere"
"Free State",28.46,536.2,"Rainfed",172.26,136,3.39,"Dekalb","New Holland"
"Free State",28.15,326,"Rainfed",202.98,245.34,2.962,"Pioneer","John Deere"
"Free State",23.35,435.5,"Rainfed",154.82,205.46,3.687,"Dekalb","New Holland"
"Mpumalanga",19.07,631.6,"Rainfed",234.27,101.92,3.071,"Pioneer","New Holland"
"North West",22.55,785.9,"Rainfed",208.62,154.06,3.622,"Pioneer","New Holland"
"Free State",25.83,489.1,"Rainfed",80.43,127.41,3.015,"Pannar","John Deere"
"North West",27.64,736,"Irrigated",129.92,169.91,3.78,"Dekalb","John Deere"
"Free State",31.12,498.5,"Rainfed",131.71,133.16,3.705,"Dekalb","New Holland"
"North West",30.68,635.8,"Rainfed",132.68,167.48,4.034,"Pioneer","John Deere"
"Mpumalanga",20.88,501,"Rainfed",258.56,129.05,3.143,"Pioneer","John Deere"
"Free State",19.9,759.9,"Rainfed",309.26,207.74,3.812,"Pannar","John Deere"
"Mpumalanga",20.25,779.6,"Rainfed",111.21,156.2,3.462,"Pannar","John Deere"
"Free State",25.37,518.8,"Rainfed",207,75.8,3.548,"Pioneer","John Deere"
"Mpumalanga",20.65,938.3,"Rainfed",100.1,134.68,3.415,"Dekalb","John Deere"
"Free State",26.06,405,"Rainfed",129.84,117.06,3.595,"Dekalb","Case"
"Mpumalanga",21,439.5,"Rainfed",186.71,223.11,3.16,"Dekalb","John Deere"
"Free State",23.58,667.2,"Rainfed",151.81,81.53,3.233,"Pioneer","John Deere"
"Free State",21.08,733.4,"Rainfed",123.21,54.84,3.765,"Pioneer","John Deere"
"Mpumalanga",27.72,823.4,"Rainfed",96.44,167.29,2.635,"Dekalb","New Holland"
"Free State",25.33,391,"Rainfed",144.09,206.49,3.39,"Dekalb","New Holland"
"Mpumalanga",22.69,989.9,"Rainfed",168.19,166.19,3.402,"Pioneer","New Holland"
"Free State",17.23,524.7,"Rainfed",208.83,247.79,3.739,"Dekalb","John Deere"
"Mpumalanga",23.98,874,"Irrigated",113.41,202.85,3.649,"Dekalb","John Deere"
"North West",22.88,722.4,"Rainfed",211.02,89.94,3.105,"Pioneer","John Deere"
"Free State",20.43,632.8,"Rainfed",100.35,205.44,3.957,"Dekalb","New Holland"
"North West",32.59,476.1,"Irrigated",130.45,104.67,3.768,"Pioneer","John Deere"
"Mpumalanga",20.64,975.8,"Rainfed",199.15,221.99,3.974,"Pannar","New Holland"
"Free State",17.01,636.1,"Irrigated",122.58,211.21,3.234,"Dekalb","John Deere"
"Free State",31.08,601.2,"Rainfed",118.14,132.96,4.039,"Pioneer","Case"
"Free State",14.49,362.6,"Rainfed",161.21,218.36,3.873,"Pioneer","John Deere"
"Free State",26.29,537.6,"Rainfed",166.98,120.69,3.828,"Dekalb","John Deere"
"North West",33.09,383,"Rainfed",244.59,212.91,3.078,"Pioneer","Case"
"Free State",21.48,475.2,"Rainfed",148.97,48.83,3.474,"Dekalb","John Deere"
"Free State",25.78,988.6,"Rainfed",79.9,85.24,3.58,"Pioneer","John Deere"
"Mpumalanga",23.32,1043.7,"Rainfed",124.51,145.13,3.127,"Dekalb","John Deere"
"Free State",28.16,497.9,"Rainfed",125.86,108.36,3.41,"Pannar","John Deere"
"Free State",25.94,441.2,"Rainfed",110.72,41.59,3.707,"Dekalb","Case"
"Free State",23.02,652,"Irrigated",188.58,93.82,3.599,"Pioneer","John Deere"
"Free State",27.66,553.6,"Rainfed",475.8,278.25,3.55,"Pannar","John Deere"
"North West",32,205.7,"Irrigated",230.44,79.49,3.863,"Pioneer","New Holland"
"Mpumalanga",19.19,574.5,"Rainfed",154.02,146.38,3.286,"Pioneer","Case"
"Free State",18.4,382.2,"Rainfed",203.7,109.17,3.736,"Pannar","John Deere"
"Mpumalanga",22.48,1155.1,"Rainfed",303.5,137.04,3.871,"Dekalb","John Deere"
"Mpumalanga",21.18,969.5,"Rainfed",144.25,125.64,3.148,"Pannar","Case"
"Free State",20.06,552,"Rainfed",218.1,127.97,2.91,"Pannar","John Deere"
"Mpumalanga",22.25,674.3,"Rainfed",208.8,128.73,3.797,"Pannar","John Deere"
"Free State",18.72,901.8,"Rainfed",156.14,51.72,3.468,"Dekalb","John Deere"
"North West",28.81,401.1,"Rainfed",168.48,135.96,4.178,"Pioneer","New Holland"
"Free State",21.5,817.2,"Rainfed",216.94,143.9,3.62,"Pannar","New Holland"
"North West",32.79,750.6,"Rainfed",162.66,163.23,3.466,"Dekalb","New Holland"
"Free State",33.7,596,"Rainfed",142.41,249.39,2.938,"Pioneer","New Holland"
"Free State",20.34,653.5,"Rainfed",127.82,138.16,3.272,"Dekalb","John Deere"
"North West",33.29,911.6,"Rainfed",186.11,153.29,3.073,"Pannar","John Deere"
"Mpumalanga",24.48,891.9,"Rainfed",160.69,72.13,4.374,"Pioneer","John Deere"
"Free State",23.72,550,"Rainfed",140.47,142.07,3.108,"Dekalb","John Deere"
"Free State",22.19,531.6,"Irrigated",177.29,68.15,3.683,"Pannar","John Deere"
"Free State",30.3,307.6,"Rainfed",118.46,330.04,3.847,"Pioneer","John Deere"
"Free State",15.98,663.7,"Irrigated",117,116.01,3.436,"Dekalb","John Deere"
"North West",24.78,648.2,"Rainfed",294.71,158.93,3.54,"Dekalb","Case"
"Mpumalanga",17.69,1273.9,"Rainfed",113.14,165.34,3.256,"Pioneer","John Deere"
"North West",34.98,635.3,"Rainfed",188.09,76.08,3.454,"Pioneer","John Deere"
"Free State",23.24,336.6,"Rainfed",109.04,167.23,3.367,"Pioneer","New Holland"
"North West",25.38,513,"Rainfed",149.14,84.43,3.256,"Dekalb","John Deere"
"Free State",36.74,693,"Rainfed",194.14,166.61,3.633,"Pannar","John Deere"
"Free State",23.8,346.6,"Rainfed",107.15,103.28,3.224,"Dekalb","John Deere"
"Mpumalanga",20.67,642.6,"Rainfed",211.76,100.52,3.049,"Dekalb","John Deere"
"North West",29.5,539.6,"Rainfed",180.51,163.36,3.716,"Dekalb","John Deere"
"Free State",17.73,722.8,"Rainfed",143.8,159.94,3.592,"Pannar","New Holland"
"Free State",25.96,311.5,"Rainfed",182.55,121.71,2.975,"Pannar","Case"
"Free State",23.62,636.6,"Irrigated",169.81,98.03,3.289,"Dekalb","John Deere"
"North West",30.34,528.5,"Rainfed",115.16,148.15,3.72,"Pioneer","John Deere"
"Free State",20.07,435.8,"Rainfed",90.89,133.02,3.197,"Dekalb","John Deere"
"Free State",19.91,456.3,"Irrigated",172.07,208.1,3.731,"Pannar","John Deere"
"North West",24.53,437.5,"Rainfed",107.37,102.67,3.381,"Pioneer","Case"
"Free State",20.93,560.7,"Rainfed",162.04,128.7,3.079,"Dekalb","John Deere"
"Free State",29.2,864.6,"Rainfed",81.7,372.44,3.64,"Pannar","New Holland"
"North West",35.9,764.2,"Rainfed",110.87,76.88,2.717,"Pioneer","John Deere"
"Free State",23.37,742.8,"Rainfed",184.63,156.48,3.317,"Pioneer","New Holland"
"Free State",22.56,484.2,"Rainfed",256.38,163.11,3.465,"Pioneer","Case"
"Mpumalanga",21.01,511.1,"Rainfed",176.74,111.37,3.575,"Dekalb","Case"
"Free State",24.28,496.4,"Rainfed",107.84,99.2,3.562,"Pioneer","John Deere"
"Free State",24.39,545.7,"Rainfed",137.89,71.19,3.524,"Pannar","John Deere"
"Free State",25.16,1001.1,"Rainfed",261.69,72.45,3.942,"Pioneer","New Holland"
"Mpumalanga",19.76,501.5,"Rainfed",205.01,120.9,4.018,"Pioneer","John Deere"
"Free State",20.61,429,"Rainfed",229.75,237.03,4.043,"Pioneer","John Deere"
"Mpumalanga",25.59,769.1,"Rainfed",251.14,139.21,3.111,"Pannar","John Deere"
"Free State",21.81,336,"Irrigated",193.08,269.95,3.239,"Dekalb","John Deere"
"Free State",25.21,361.5,"Rainfed",263.44,104.04,3.092,"Pannar","Case"
"Mpumalanga",21.83,538.9,"Irrigated",108.81,175.73,3.373,"Pannar","John Deere"
"Free State",20.17,632.8,"Rainfed",186.8,143.64,3.605,"Pioneer","John Deere"
"Free State",26.36,512.2,"Rainfed",142.41,159.67,3.535,"Pannar","John Deere"
"North West",28.87,525.9,"Rainfed",179.2,148.9,3.401,"Dekalb","New Holland"
"Free State",29.6,413.3,"Rainfed",288.75,191.97,3.411,"Pioneer","Case"
"Mpumalanga",22.35,703.5,"Rainfed",203.72,135.46,3.386,"Dekalb","John Deere"
"North West",26.34,499.1,"Rainfed",125.9,208.93,3.219,"Pannar","New Holland"
"Mpumalanga",22.83,898.3,"Rainfed",141.76,168.97,3.307,"Pioneer","New Holland"
"North West",22.07,311.8,"Rainfed",109.83,135.35,3.229,"Pioneer","John Deere"
"Free State",20.66,363.7,"Rainfed",158.33,129.29,3.335,"Dekalb","New Holland"
"North West",30.55,464.2,"Rainfed",133.05,77.13,3.04,"Pioneer","John Deere"
"North West",26.33,1096,"Rainfed",230.19,101.92,3.901,"Pioneer","New Holland"
"Mpumalanga",21.8,768,"Rainfed",133.44,120.93,4.105,"Pannar","John Deere"
"Free State",23.54,581.2,"Rainfed",222.38,205.91,3.103,"Dekalb","Case"
"Free State",21.4,557.8,"Rainfed",223.37,193.13,3.879,"Pioneer","New Holland"
"Free State",15.93,670.6,"Rainfed",136.73,95.03,3.568,"Dekalb","John Deere"
"Free State",25.4,234.8,"Rainfed",301.41,110.02,3.466,"Dekalb","John Deere"
"North West",31.81,302,"Rainfed",166.38,293.89,3.456,"Pannar","John Deere"
"Free State",18.85,531.9,"Rainfed",124.67,72.61,3.647,"Pioneer","Case"
"Free State",29.93,816.8,"Rainfed",169.76,147.19,3.523,"Pioneer","John Deere"
"Mpumalanga",23.16,706.4,"Rainfed",108,153.76,3.25,"Pannar","John Deere"
"Mpumalanga",26.02,433.9,"Rainfed",216.85,108.79,3.514,"Pannar","John Deere"
"Free State",20.17,845.9,"Rainfed",112.48,73.91,3.795,"Pannar","Case"
"Mpumalanga",22.5,602.2,"Rainfed",284.8,114.14,3.431,"Pioneer","New Holland"
"Free State",23.6,625.2,"Rainfed",68.18,448.32,3.132,"Pioneer","John Deere"
"Free State",27.07,871,"Rainfed",102.57,129.46,3.012,"Dekalb","John Deere"
"North West",25.12,438.8,"Rainfed",142.48,123.11,3.664,"Pioneer","Case"
"Mpumalanga",21.97,702,"Rainfed",122.16,147.19,3.494,"Pioneer","John Deere"
"Mpumalanga",16.66,892.3,"Rainfed",291.4,80.91,3.372,"Pannar","John Deere"
"Free State",20.89,529.3,"Rainfed",160.32,189.72,3.569,"Pannar","John Deere"
"Free State",24.5,665.8,"Rainfed",191.23,187.06,3.291,"Dekalb","John Deere"
"Mpumalanga",19.88,725.6,"Rainfed",222.11,116.46,3.498,"Pioneer","John Deere"
"North West",27.78,399.9,"Rainfed",175.52,139.55,3.549,"Pioneer","John Deere"
"Free State",22.13,779,"Irrigated",247.36,108.63,2.907,"Pioneer","Case"
"Free State",26.43,320.8,"Rainfed",198.25,184.63,3.166,"Dekalb","John Deere"
"Mpumalanga",25.51,768,"Rainfed",221.24,65.09,3.108,"Dekalb","John Deere"
"Mpumalanga",19.53,908.2,"Rainfed",87.52,123.16,3.169,"Pioneer","John Deere"
"Free State",22.77,757.3,"Rainfed",101.96,179.26,3.98,"Dekalb","John Deere"
"Free State",29.76,733.5,"Rainfed",63.92,287.46,3.84,"Dekalb","John Deere"
"Mpumalanga",15.4,677.7,"Rainfed",147.72,90.82,3.766,"Pioneer","John Deere"
"Mpumalanga",21.04,1248.4,"Rainfed",302.09,82.73,3.454,"Pannar","John Deere"
"North West",38.32,239.6,"Rainfed",108.57,129.55,3.763,"Dekalb","John Deere"
"Free State",32.77,379.2,"Rainfed",188.03,132.5,3.075,"Dekalb","John Deere"
"Free State",24.63,498.3,"Rainfed",198.35,190.3,2.885,"Pannar","John Deere"
"Mpumalanga",19.41,622.6,"Rainfed",182.02,129.2,2.608,"Dekalb","New Holland"
"North West",28.83,746.2,"Irrigated",145.79,105.35,3.558,"Pioneer","John Deere"
"North West",24.74,409.7,"Rainfed",126.52,314.51,3.487,"Pannar","Case"
"Free State",29.81,594.5,"Rainfed",125.52,117.45,3.235,"Pioneer","John Deere"
"Free State",20.77,486.4,"Rainfed",165.71,200.96,3.645,"Pannar","Case"
"Free State",25.49,1001.9,"Rainfed",285.61,189.15,3.538,"Pioneer","John Deere"
"Mpumalanga",23.86,1114.2,"Rainfed",117.44,111.82,3.451,"Pioneer","John Deere"
"Mpumalanga",19.73,697.8,"Rainfed",156.15,284.3,3.903,"Dekalb","Case"
"Free State",27.41,720.6,"Rainfed",171.57,81.38,3.925,"Dekalb","New Holland"
"Mpumalanga",19.76,581.6,"Rainfed",230.17,89.65,3.823,"Pannar","Case"
"Free State",26.52,591.4,"Rainfed",149.1,228.19,3.664,"Pannar","Case"
"Free State",28.39,465.5,"Rainfed",215.63,68.09,3.166,"Pioneer","John Deere"
"North West",23.06,480.7,"Rainfed",87.13,180.37,3.414,"Pioneer","New Holland"
"Free State",28.43,712.3,"Rainfed",223.15,148.38,3.475,"Pioneer","John Deere"
"Mpumalanga",20.53,1098.8,"Rainfed",171.36,188.74,3.599,"Dekalb","Case"
"Free State",25.18,531.8,"Irrigated",103.3,192.29,3.82,"Pannar","John Deere"
"Free State",24.81,442.4,"Rainfed",61.16,101.16,3.053,"Dekalb","John Deere"
"Free State",22.29,451.4,"Rainfed",140.85,100.32,3.082,"Pioneer","John Deere"
"Free State",25.07,644.4,"Rainfed",218.5,195.11,3.477,"Dekalb","John Deere"
"Free State",19.08,346.1,"Rainfed",188.35,201.63,3.051,"Pannar","New Holland"
"Free State",23.46,722.2,"Rainfed",140.92,82.91,3.844,"Dekalb","Case"
"Free State",27.3,485.4,"Rainfed",168.02,78.67,3.422,"Dekalb","Case"
"Mpumalanga",15.48,1232.4,"Rainfed",175.75,84.36,2.778,"Dekalb","John Deere"
"Free State",18.05,1011.4,"Rainfed",119.51,135.04,3.484,"Dekalb","John Deere"
"Free State",19.35,483.9,"Irrigated",168.34,134.66,3.567,"Pannar","Case"
"Free State",17.64,1010.2,"Rainfed",172.52,381.95,3.326,"Pannar","John Deere"
"Mpumalanga",23.26,889.1,"Rainfed",121.02,172.56,3.145,"Dekalb","John Deere"
"Mpumalanga",19.02,843.4,"Rainfed",178.93,127.12,3.541,"Dekalb","John Deere"
"Mpumalanga",15.51,642.1,"Rainfed",187.67,107.53,3.9,"Pioneer","John Deere"
"North West",24.81,631.2,"Rainfed",205.67,107.19,3.351,"Pannar","John Deere"
"North West",26.05,554.2,"Rainfed",222.45,103.23,3.817,"Pannar","John Deere"
"Free State",27.43,439.7,"Rainfed",195.79,83.63,3.888,"Pioneer","John Deere"
"Free State",19.58,725.1,"Rainfed",186.94,146.89,3.145,"Pannar","Case"
"Free State",28.65,705,"Rainfed",157.95,33,3.747,"Dekalb","Case"
"Free State",25.59,823,"Rainfed",199.01,80.89,3.477,"Dekalb","John Deere"
"Free State",25.45,995.5,"Rainfed",95.96,211.08,3.599,"Pannar","Case"
"Free State",20.59,456.7,"Rainfed",217.15,145.23,4.023,"Pannar","New Holland"
"Mpumalanga",27.86,714.2,"Rainfed",131.07,173.87,3.785,"Pannar","John Deere"
"Free State",23.34,488.5,"Rainfed",443.76,104.62,3.344,"Pioneer","Case"
"Free State",16.7,1097.5,"Rainfed",127.69,254.12,3.118,"Dekalb","John Deere"
"Free State",23.18,348,"Rainfed",48.27,119.12,3.585,"Pannar","John Deere"
"Free State",16.26,415.6,"Rainfed",294.53,176.41,3.668,"Dekalb","New Holland"
"Free State",22.76,755.5,"Rainfed",127.57,136.75,3.878,"Dekalb","Case"
"Free State",22.31,442.6,"Rainfed",211.57,168.14,3.917,"Pioneer","John Deere"
"Free State",26.73,266.9,"Rainfed",181.03,111.74,3.52,"Dekalb","New Holland"
"Free State",28.04,583.4,"Rainfed",261.99,236.11,3.529,"Dekalb","John Deere"
"Mpumalanga",19.82,751.8,"Rainfed",112.09,108.02,3.658,"Pioneer","John Deere"
"Free State",27.22,769.8,"Rainfed",99.28,483.76,3.823,"Pioneer","John Deere"
"Free State",29.7,285.8,"Rainfed",258.52,126.51,3.496,"Pannar","John Deere"
"North West",24.08,698.2,"Rainfed",109.49,143.75,3.387,"Pioneer","John Deere"
"Free State",21.39,215.5,"Rainfed",85.77,103.22,3.155,"Dekalb","Case"
"Mpumalanga",23.95,718,"Rainfed",228.86,188.2,3.51,"Pioneer","Case"
"Free State",24.73,508.1,"Rainfed",159.99,147.81,3.48,"Dekalb","John Deere"
"Free State",26.2,560.5,"Rainfed",432.72,180.21,3.484,"Pannar","New Holland"
"Free State",29.62,839.5,"Rainfed",190.32,186.55,3.377,"Pannar","John Deere"
"Free State",25.55,673.1,"Rainfed",141.59,96.62,3.319,"Pioneer","John Deere"
"Mpumalanga",25.16,860.3,"Rainfed",126.03,196.12,3.792,"Pannar","Case"
"Free State",26.49,250.5,"Rainfed",336.32,80.15,3.412,"Pannar","Case"
"Mpumalanga",23.3,935.9,"Rainfed",98.2,145.5,3.996,"Dekalb","John Deere"
"Mpumalanga",23.16,617.6,"Rainfed",213.74,203.82,3.266,"Dekalb","John Deere"
"Free State",29.17,404.2,"Rainfed",208.78,67.07,2.905,"Pannar","New Holland"
"Free State",19.99,722.4,"Rainfed",128.98,111.74,3.474,"Dekalb","Case"
"Free State",19.58,1291,"Rainfed",315.72,113.67,3.848,"Pioneer","John Deere"
"Free State",26.37,630.3,"Rainfed",119.75,54.42,3.443,"Pannar","John Deere"
"North West",27.4,316.6,"Rainfed",163.13,124.24,2.983,"Pioneer","New Holland"
"Free State",24.3,495.6,"Rainfed",193.91,253.89,3.31,"Pioneer","John Deere"
"Free State",26.97,731.4,"Rainfed",441.05,72.78,3.484,"Pannar","Case"
"Mpumalanga",24.26,796.4,"Rainfed",213.58,83.44,3.903,"Pioneer","Case"
"Mpumalanga",21.21,951.2,"Rainfed",343.09,114.16,3.875,"Pannar","John Deere"
"North West",26.44,491.4,"Irrigated",120.72,132.39,3.72,"Dekalb","John Deere"
"Mpumalanga",22.22,1013.5,"Rainfed",78.39,142.41,3.681,"Dekalb","New Holland"
"Mpumalanga",25.19,671.9,"Rainfed",239.95,147.82,3.253,"Pioneer","New Holland"
"Mpumalanga",23.28,598.3,"Rainfed",82.39,120.14,3.742,"Pannar","New Holland"
"Mpumalanga",26.3,945.1,"Rainfed",93.03,387.35,3.883,"Dekalb","John Deere"
"Mpumalanga",21.98,616.9,"Rainfed",213.18,111.43,3.728,"Dekalb","John Deere"
"Free State",28.5,814.5,"Rainfed",160.64,75.14,3.85,"Dekalb","John Deere"
"Free State",27.53,458.3,"Rainfed",235.67,67.87,3.56,"Pannar","John Deere"
"North West",31.06,406.7,"Rainfed",302.27,124.41,3.756,"Pannar","New Holland"
"Mpumalanga",23.24,744.5,"Rainfed",242.34,106.97,3.933,"Dekalb","John Deere"
"North West",26.6,426.5,"Rainfed",193.48,216.59,3.18,"Dekalb","New Holland"
"Free State",23.56,678.9,"Rainfed",207.93,125.09,3.96,"Dekalb","New Holland"
"Free State",24.92,671.9,"Rainfed",174.92,140.79,3.728,"Pannar","John Deere"
"Mpumalanga",22.15,843.7,"Rainfed",339.73,66.29,3.736,"Pannar","John Deere"
"North West",32.72,387.1,"Rainfed",168.19,122.2,3.465,"Dekalb","Case"
"Free State",23.56,454.7,"Rainfed",231.72,120.47,3.198,"Pannar","John Deere"
"Free State",23.72,488.7,"Rainfed",110.35,72.92,3.112,"Dekalb","John Deere"
"North West",25.58,371.8,"Rainfed",167.25,90.64,3.56,"Dekalb","New Holland"
"Free State",23.45,369.2,"Irrigated",70.43,92.25,3.434,"Pioneer","New Holland"
"Free State",23.72,997.7,"Rainfed",174.47,196.23,3.852,"Pannar","John Deere"
"Free State",14.75,275.4,"Rainfed",87.44,174.13,3.498,"Pannar","John Deere"
"Free State",18.54,816.4,"Rainfed",155.46,185,3.425,"Pioneer","John Deere"
"Free State",23.71,462.5,"Rainfed",148.54,253.7,3.938,"Pannar","John Deere"
"Mpumalanga",21.2,908.9,"Rainfed",248.52,117.86,3.455,"Pannar","John Deere"
"Free State",19.2,820.1,"Rainfed",125.23,229.81,3.332,"Dekalb","John Deere"
"Mpumalanga",16.03,1032.5,"Rainfed",124.07,120.8,3.767,"Pannar","John Deere"
"North West",26.23,409.6,"Rainfed",71.17,227.08,3.921,"Pioneer","New Holland"
"Free State",26.61,369.4,"Rainfed",214.05,77.94,3.172,"Dekalb","John Deere"
"Free State",31.09,794,"Rainfed",261.14,103.95,3.403,"Pannar","John Deere"
"Free State",23.85,690.2,"Rainfed",149.43,203.89,3.401,"Pioneer","John Deere"
"Free State",29.97,482.5,"Rainfed",308.37,283.68,3.472,"Pannar","John Deere"
"Free State",24.33,297,"Rainfed",138.22,133.6,3.567,"Pioneer","John Deere"
"Free State",24.46,736.8,"Rainfed",107.48,117.34,3.725,"Pannar","John Deere"
"Free State",25.3,810,"Rainfed",181.29,179.47,3.823,"Dekalb","New Holland"
"North West",23.65,464,"Rainfed",220.13,128.84,3.266,"Dekalb","John Deere"
"Free State",23.79,466.6,"Rainfed",87.24,136.75,3.48,"Dekalb","New Holland"
"Free State",27.63,741.8,"Rainfed",82.14,152.03,3.73,"Dekalb","Case"
"Free State",21,463.5,"Rainfed",167.76,220.46,3.317,"Dekalb","John Deere"
"Free State",22.71,934.1,"Rainfed",201.7,84.7,3.667,"Pioneer","John Deere"
"Free State",19.41,187.1,"Irrigated",60.79,111.75,4,"Pannar","John Deere"
"Free State",25.42,604.6,"Rainfed",79.71,177.43,3.088,"Pannar","Case"
"Free State",25.7,348.5,"Rainfed",187.45,52.49,3.684,"Pannar","Case"
"Free State",26.59,635.8,"Rainfed",239.88,241.57,3.467,"Pioneer","John Deere"
"Free State",19.12,868.5,"Rainfed",139.92,101.92,3.238,"Pannar","John Deere"
"Free State",24.43,328.8,"Rainfed",273.83,85.5,3.549,"Pioneer","John Deere"
"Mpumalanga",19.17,739.2,"Rainfed",126.75,146.42,3.512,"Pannar","John Deere"
"Mpumalanga",22,996.3,"Rainfed",153.25,366.37,3.232,"Pannar","John Deere"
"North West",34.71,447.2,"Rainfed",291.75,100.86,3.446,"Pioneer","John Deere"
"Mpumalanga",20.49,769.2,"Rainfed",158.89,70.01,3.7,"Pannar","New Holland"
"Mpumalanga",24.15,791.7,"Rainfed",166.3,128.13,3.453,"Pioneer","John Deere"
"Mpumalanga",19.75,543.2,"Rainfed",112.25,228.51,4.046,"Pioneer","John Deere"
"Free State",22.09,389.4,"Rainfed",169.23,120.2,3.953,"Dekalb","John Deere"
"Free State",25.75,502.6,"Rainfed",125.12,177.39,3.255,"Dekalb","John Deere"
"Free State",21.28,916.4,"Rainfed",76.62,227.13,3.948,"Pannar","John Deere"
"Free State",17.19,794.7,"Rainfed",108.94,63.52,3.918,"Pannar","New Holland"
"Mpumalanga",25.8,656.8,"Rainfed",148.64,177.41,3.299,"Dekalb","John Deere"
"Mpumalanga",23.08,561.8,"Rainfed",176.32,108.05,3.967,"Pioneer","John Deere"
"Free State",21.67,360.9,"Rainfed",258.86,132.38,3.983,"Pioneer","John Deere"
"Mpumalanga",16.02,861.1,"Rainfed",167.2,368.2,3.738,"Pioneer","John Deere"
"Free State",31.61,531,"Irrigated",155.82,152.03,3.727,"Pannar","John Deere"
"Mpumalanga",32.17,916,"Rainfed",263.08,194.81,3.188,"Pannar","New Holland"
"Mpumalanga",22.62,599.6,"Rainfed",458.61,87.6,4.06,"Pioneer","New Holland"
"Free State",27.4,407.2,"Rainfed",158.63,164.53,3.287,"Pioneer","Case"
"Free State",28.9,580.4,"Rainfed",271.23,128.67,3.367,"Pioneer","Case"
"Free State",21.19,664.7,"Rainfed",202.2,122.63,3.666,"Pannar","New Holland"
"Free State",22.6,666.7,"Rainfed",159.26,174.13,3.538,"Pioneer","Case"
"North West",19.36,314.9,"Rainfed",72.77,69.71,3.993,"Dekalb","John Deere"
"North West",24.32,423.1,"Rainfed",109.07,251.98,3.258,"Dekalb","Case"
"Free State",26.49,641,"Rainfed",129.86,374.4,3.328,"Dekalb","John Deere"
"Free State",22.84,599.5,"Rainfed",102.66,111.75,3.579,"Pioneer","John Deere"
"Free State",23.14,584.4,"Rainfed",100.46,171.13,3.667,"Dekalb","John Deere"
"Mpumalanga",21.66,805.3,"Rainfed",138.04,338.25,4.402,"Dekalb","John Deere"
"Free State",16.55,641.7,"Rainfed",246.4,91.89,3.139,"Pannar","John Deere"
"Free State",27.35,595.6,"Rainfed",111.29,138.8,3.817,"Pioneer","John Deere"
"Free State",18.23,697.3,"Rainfed",172.95,378.75,3.794,"Dekalb","John Deere"
"Free State",23.17,509.6,"Rainfed",150.9,90.14,3.822,"Pioneer","New Holland"
"Free State",22.25,528.2,"Rainfed",230.34,207.73,3.115,"Pioneer","John Deere"
"Free State",23.13,291.6,"Rainfed",167.19,167.72,3.581,"Pioneer","John Deere"
"Free State",29.84,596.8,"Rainfed",153.15,115.69,3.324,"Dekalb","John Deere"
"Free State",21.67,661,"Irrigated",128.35,159.61,2.984,"Pannar","New Holland"
"Free State",20.87,652.1,"Rainfed",240.21,117.29,3.242,"Dekalb","New Holland"
"Free State",17.92,482.5,"Irrigated",266.81,190.5,3.196,"Pannar","John Deere"
"North West",23.97,488.4,"Rainfed",165.85,108.41,3.977,"Pioneer","John Deere"
"Free State",19.34,369.8,"Rainfed",500,62.31,3.281,"Pioneer","Case"
"Free State",25.63,467,"Rainfed",164.28,195.02,3.747,"Pannar","John Deere"
"Mpumalanga",19.41,581.7,"Rainfed",500,224.69,3.694,"Pannar","John Deere"
"Mpumalanga",22.91,583.1,"Rainfed",155.4,142.83,3.26,"Pannar","New Holland"
"Free State",23.41,491.7,"Rainfed",84.43,94.03,3.65,"Dekalb","John Deere"
"Mpumalanga",17.7,546,"Rainfed",89.83,109.72,3.682,"Pioneer","New Holland"
"Free State",20.84,453.4,"Rainfed",113.62,75.75,3.149,"Pioneer","New Holland"
"North West",32.43,671.5,"Irrigated",308.13,73.43,3.687,"Pioneer","New Holland"
"Mpumalanga",24.71,916.5,"Rainfed",339,224.7,3.519,"Pioneer","Case"
"Free State",32.02,772.9,"Rainfed",194.73,54.51,3.408,"Pannar","Case"
"Free State",23.99,781.4,"Rainfed",187.5,174.18,3.246,"Pannar","John Deere"
"Free State",18.02,289,"Rainfed",130.95,114.62,3.439,"Dekalb","John Deere"
"Free State",20.93,1064,"Rainfed",123.41,75.47,3.224,"Pioneer","John Deere"
"Free State",25.63,712.6,"Rainfed",121.27,122.6,3.492,"Pioneer","John Deere"
"Mpumalanga",27.7,770.9,"Rainfed",113.66,124.99,3.457,"Pioneer","New Holland"
"Free State",24.44,485.3,"Rainfed",130.79,231.78,3.41,"Pioneer","New Holland"
"Mpumalanga",25.42,601.8,"Rainfed",126.27,394.22,3.824,"Pioneer","New Holland"
"North West",31.84,583.5,"Rainfed",205.87,305.29,3.278,"Pannar","Case"
"Mpumalanga",18.5,620.8,"Rainfed",228.17,279.86,3.479,"Dekalb","John Deere"
"Free State",23.32,616.7,"Rainfed",324.89,278.49,3.759,"Pioneer","New Holland"
"Free State",29.22,497.5,"Rainfed",58.16,205.28,3.862,"Pioneer","John Deere"
"Free State",27.5,472,"Rainfed",202.97,111.09,3.439,"Pioneer","John Deere"
"Free State",25.86,532.6,"Rainfed",143.68,146.66,3.502,"Dekalb","Case"
"Mpumalanga",23.43,827.7,"Rainfed",146.9,68.9,3.848,"Pannar","Case"
"Free State",22.03,190.9,"Rainfed",81.92,96.24,3.563,"Pannar","Case"
"Mpumalanga",18.04,757.7,"Rainfed",162.21,92.26,3.633,"Dekalb","John Deere"
"Free State",29.18,658.4,"Rainfed",118.32,83.78,3.403,"Pannar","Case"
"Mpumalanga",17.74,640.6,"Rainfed",191.31,254.47,3.554,"Pioneer","New Holland"
"Mpumalanga",19.18,681.6,"Rainfed",102.55,169.71,3.524,"Pioneer","John Deere"
"Free State",26.52,453.3,"Rainfed",500,152.86,3.646,"Pioneer","New Holland"
"Mpumalanga",18.21,676.6,"Rainfed",118.01,135.25,3.482,"Pannar","John Deere"
"Mpumalanga",20.34,705.5,"Irrigated",145.91,210.56,3.427,"Dekalb","John Deere"
"Free State",19.27,398.6,"Rainfed",97.62,201.3,3.474,"Dekalb","John Deere"
"Free State",26.48,833.9,"Rainfed",143.28,90.96,3.369,"Pioneer","New Holland"
"North West",30.23,548.7,"Rainfed",407.06,55.85,3.931,"Pannar","New Holland"
"Mpumalanga",23.27,1108.2,"Rainfed",139.57,80.56,3.226,"Pannar","John Deere"
"Mpumalanga",23.33,611.5,"Rainfed",213.13,109.12,3.863,"Pannar","Case"
"Free State",26.23,511.8,"Rainfed",110.37,135.73,3.476,"Pannar","Case"
"Free State",26.56,370.9,"Rainfed",316.07,264.93,2.859,"Pannar","New Holland"
"Free State",16.13,217.8,"Rainfed",200.67,180.17,3.329,"Pannar","New Holland"
"North West",27.26,670.7,"Rainfed",121.34,184.27,3.836,"Pannar","John Deere"
"Free State",24.45,474.6,"Rainfed",181.39,194.78,3.095,"Pioneer","New Holland"
"Free State",26.9,601.9,"Rainfed",139.57,128.28,3.524,"Pannar","New Holland"
"Free State",19.25,383.7,"Rainfed",204.14,84.38,3.127,"Dekalb","Case"
"Free State",22,928.2,"Irrigated",116.65,91.26,3.557,"Pannar","John Deere"
"Mpumalanga",18.78,982.1,"Rainfed",200.24,74.42,3.857,"Pannar","New Holland"
"North West",33.29,615.1,"Rainfed",322.14,76.58,3.399,"Pannar","John Deere"
"Mpumalanga",25.84,763.8,"Rainfed",281.17,69.32,3.79,"Dekalb","John Deere"
"Free State",27.15,714.3,"Rainfed",187.23,199.04,3.712,"Pannar","John Deere"
"Free State",19.11,698.9,"Rainfed",189.52,79.28,3.886,"Dekalb","John Deere"
"North West",30.26,814.7,"Irrigated",196.72,178.91,3.89,"Pannar","John Deere"
"Free State",28.6,738,"Rainfed",240.87,384.98,3.79,"Dekalb","New Holland"
"Free State",24.67,532.5,"Rainfed",193.77,124.49,3.604,"Pannar","John Deere"
"North West",25.17,530.8,"Irrigated",212.76,125.27,3.504,"Pannar","John Deere"
"Free State",19.66,641.6,"Rainfed",215.64,197.24,3.558,"Pioneer","John Deere"
"Free State",21.34,799.3,"Irrigated",181.19,135.05,3.633,"Pannar","John Deere"
"Mpumalanga",24.14,723.2,"Rainfed",223.34,96.84,3.236,"Pannar","John Deere"
"Free State",22.27,874.7,"Rainfed",168.58,72.39,3.349,"Pioneer","Case"
"Mpumalanga",22.68,578.1,"Rainfed",252.7,141.68,3.349,"Pioneer","New Holland"
"Free State",29.18,527.6,"Rainfed",137.14,112.45,3.312,"Pannar","New Holland"
"Free State",26.31,569.1,"Rainfed",178.59,161.79,3.399,"Dekalb","John Deere"
"Free State",29.46,742.8,"Rainfed",166.77,154.05,3.47,"Dekalb","New Holland"
"Free State",17.19,968,"Rainfed",104.25,241.84,3.317,"Pannar","John Deere"
"Free State",22.88,547.3,"Rainfed",273.64,177.42,2.825,"Pioneer","John Deere"
"Free State",24.26,549.9,"Rainfed",100.41,225.1,4.095,"Dekalb","John Deere"
"Free State",26.31,839.5,"Irrigated",286.27,140.2,3.263,"Dekalb","John Deere"
"Mpumalanga",18.49,915.3,"Irrigated",104.5,195.25,3.852,"Pioneer","Case"
"Free State",27.22,754.1,"Rainfed",108.4,121.8,3.311,"Dekalb","John Deere"
"North West",29.54,708.2,"Rainfed",237.07,126.97,3.634,"Dekalb","New Holland"
"Mpumalanga",22.79,816.4,"Rainfed",158.88,140.51,3.479,"Pioneer","John Deere"
"Free State",26.03,809.9,"Rainfed",75.14,83.04,3.687,"Pannar","John Deere"
"Mpumalanga",21.65,754.1,"Rainfed",311.42,79.6,2.964,"Dekalb","Case"
"North West",32.63,862.2,"Rainfed",57.18,119.47,3.557,"Pannar","John Deere"
"Mpumalanga",23.94,1151.4,"Rainfed",122.58,72.96,3.5,"Pioneer","New Holland"
"Free State",23.4,549.6,"Rainfed",86.26,141.82,3.91,"Dekalb","John Deere"
"North West",33.2,421.2,"Rainfed",129.24,193.73,3.344,"Dekalb","Case"
"Mpumalanga",22.88,720.8,"Rainfed",170.8,91.87,3.394,"Pannar","John Deere"
"Free State",26.68,696.5,"Rainfed",142.77,139.1,2.942,"Pannar","John Deere"
"Mpumalanga",20.22,661.7,"Rainfed",128.65,68.59,3.565,"Pioneer","Case"
"North West",35.9,552,"Rainfed",153.44,205.84,3.63,"Pioneer","John Deere"
"Free State",23.98,530,"Rainfed",184.4,116,3.419,"Pannar","New Holland"
"Free State",27.39,583,"Rainfed",114.38,268.13,3.306,"Pioneer","New Holland"
"Free State",23.6,472.6,"Irrigated",68.16,138.47,3.594,"Pannar","Case"
"Free State",22.88,815.5,"Rainfed",111.02,310.34,3.16,"Pioneer","New Holland"
"Free State",27.14,541.4,"Rainfed",73.28,157.71,3.573,"Dekalb","Case"
"Mpumalanga",17.25,683.7,"Rainfed",215.42,124.95,3.833,"Pannar","John Deere"
"Mpumalanga",23.44,859.2,"Rainfed",363.89,213.01,3.472,"Pioneer","New Holland"
"Free State",25.57,762,"Rainfed",101.14,171.98,3.387,"Pannar","John Deere"
"Mpumalanga",13.91,761.3,"Rainfed",112.94,106.22,3.445,"Dekalb","John Deere"
"Mpumalanga",23.11,1282.1,"Rainfed",113.42,185.64,3.706,"Pannar","John Deere"
"Free State",15.33,965,"Rainfed",229.88,179.86,3.18,"Pioneer","John Deere"
"Free State",26.64,697.8,"Rainfed",166.69,160.4,3.241,"Pioneer","John Deere"
"Free State",22.18,570.7,"Rainfed",202.44,116.04,3.052,"Pannar","John Deere"
"Mpumalanga",19.92,870.8,"Rainfed",228.23,132.93,3.456,"Pioneer","John Deere"
"North West",27.97,395.9,"Irrigated",182.74,200.78,3.451,"Pannar","John Deere"
"Free State",29.49,648.9,"Rainfed",198.93,223.93,3.504,"Dekalb","John Deere"
"North West",24.82,384.9,"Rainfed",100.41,155.14,3.423,"Pannar","Case"
"Free State",26.23,540.2,"Rainfed",160.23,95.01,2.933,"Pioneer","John Deere"
"Mpumalanga",23.02,785.7,"Rainfed",126.63,189.94,3.133,"Pioneer","John Deere"
"Free State",19.28,512.8,"Rainfed",94.52,145.28,3.418,"Pannar","John Deere"
"Mpumalanga",16.78,547.9,"Rainfed",100.13,225.2,3.602,"Pannar","John Deere"
"North West",18.04,266,"Rainfed",244.91,66.77,3.546,"Pioneer","New Holland"
"Mpumalanga",23.65,938,"Rainfed",94.69,97.69,3.213,"Dekalb","John Deere"
"Free State",23.86,665.5,"Rainfed",138.54,172.18,3.809,"Pannar","John Deere"
"Free State",31.4,640.3,"Rainfed",249.63,74.56,3.484,"Dekalb","Case"
"Free State",26.29,376.6,"Rainfed",189.17,460.45,3.362,"Pioneer","Case"
"North West",32.25,450.8,"Rainfed",216.98,93.13,3.531,"Dekalb","New Holland"
"Free State",29.34,824.3,"Rainfed",189.34,165.77,3.751,"Pioneer","John Deere"
"Free State",22,522.5,"Rainfed",154.41,63.12,3.677,"Pioneer","John Deere"
"North West",30.55,600.6,"Rainfed",64.64,361.73,3.351,"Pioneer","John Deere"
"Free State",27.48,596.5,"Rainfed",127.02,187.6,3.127,"Pioneer","New Holland"
"Free State",29.48,836.2,"Rainfed",91.62,108.2,3.754,"Pioneer","John Deere"
"Free State",27.05,380.9,"Rainfed",140.09,152.63,3.151,"Pioneer","Case"
"Free State",25.68,539.4,"Irrigated",393.45,99.16,3.278,"Dekalb","Case"
"Mpumalanga",19.4,529.3,"Rainfed",174.43,63.36,3.851,"Pioneer","John Deere"
"Free State",26.92,420.9,"Rainfed",121.21,83.81,3.31,"Pioneer","New Holland"
"Free State",26,342.6,"Rainfed",239.88,90.7,3.388,"Pannar","John Deere"
"North West",31.17,489.8,"Irrigated",202.64,225.59,3.6,"Dekalb","New Holland"
"Mpumalanga",23.27,735,"Rainfed",158.97,167.18,3.911,"Pannar","John Deere"
"Mpumalanga",21.39,1413.1,"Rainfed",149.33,115.32,3.283,"Dekalb","John Deere"
"Free State",23.69,452.2,"Rainfed",154.63,121.31,3.707,"Dekalb","Case"
"Free State",26.75,284.9,"Rainfed",159.57,218.78,3.448,"Pannar","John Deere"
"Free State",24.69,1181.1,"Irrigated",213.98,87.04,3.971,"Pannar","John Deere"
"Mpumalanga",19.51,764.8,"Rainfed",173.65,177.36,3.816,"Pannar","Case"
"North West",26.55,513,"Rainfed",126.02,89.78,3.464,"Dekalb","Case"
"Free State",18.72,302.9,"Rainfed",234.41,186.84,3.263,"Pannar","John Deere"
"Mpumalanga",19.1,805.2,"Rainfed",122.28,237.47,3.144,"Pannar","John Deere"
"Free State",23.42,1098.6,"Rainfed",286.77,111.94,3.239,"Dekalb","John Deere"
"North West",19.01,645.1,"Rainfed",108.49,166.48,3.387,"Pannar","John Deere"
"Free State",17.25,360,"Rainfed",225.97,51.07,3.138,"Pioneer","John Deere"
"Free State",28.41,494,"Rainfed",280.58,156.94,3.426,"Pannar","Case"
"North West",25.12,390.1,"Rainfed",276.37,156.28,3.312,"Pioneer","John Deere"
"North West",18.74,696.3,"Rainfed",156.84,164.19,4.118,"Dekalb","John Deere"
"Free State",23.55,620,"Rainfed",220.68,233.23,3.829,"Pioneer","John Deere"
"North West",34.61,613,"Irrigated",66.37,89.02,3.608,"Pioneer","Case"
"Free State",26.65,429.1,"Rainfed",198.63,252.97,3.302,"Pioneer","John Deere"
"Free State",25.77,356.5,"Irrigated",157.03,88.74,4.072,"Pannar","John Deere"
"Free State",28.73,587.6,"Rainfed",212.19,65.79,3.392,"Pannar","John Deere"
"Free State",20.91,649.6,"Rainfed",172.26,361.87,3.501,"Dekalb","John Deere"
"Free State",26.92,785.9,"Rainfed",285.02,195.3,2.922,"Pannar","Case"
"Free State",21.65,516,"Rainfed",152.99,190.76,3.826,"Dekalb","John Deere"
"Free State",24,983.7,"Rainfed",224.61,179.88,3.513,"Dekalb","John Deere"
"Free State",32.86,482.1,"Rainfed",157.25,123.9,3.146,"Pioneer","John Deere"
"Free State",27.88,596.8,"Rainfed",217.29,212.69,3.478,"Pannar","New Holland"
"Free State",27.07,581.4,"Rainfed",97.52,257.11,3.805,"Dekalb","John Deere"
"Free State",19.57,569.9,"Rainfed",212.8,67.96,3.535,"Dekalb","John Deere"
"North West",24.07,538.2,"Rainfed",139.41,81.84,3.581,"Pannar","John Deere"
"Free State",33.14,422.2,"Rainfed",194.5,98.63,3.762,"Dekalb","John Deere"
"Free State",19.63,335.9,"Rainfed",113.43,171.66,3.214,"Pioneer","Case"
"North West",29.07,411.4,"Irrigated",207.02,48.02,3.384,"Dekalb","John Deere"
"Mpumalanga",24.68,911,"Rainfed",500,126.75,3.728,"Pioneer","John Deere"
"Free State",28.08,966.4,"Rainfed",316.36,71.39,3.094,"Pioneer","John Deere"
"Free State",28.36,605.5,"Rainfed",249.4,116.62,3.838,"Dekalb","John Deere"
"Free State",23.35,453.8,"Irrigated",126.47,66.61,3.162,"Dekalb","New Holland"
"Free State",20.72,436,"Irrigated",188.81,228.53,3.574,"Pioneer","John Deere"
"Free State",22.77,275.9,"Irrigated",153.79,120.25,3.525,"Dekalb","John Deere"
"Mpumalanga",19.29,610.2,"Rainfed",70.81,124.67,3.337,"Pannar","John Deere"
"Free State",26.51,722.4,"Rainfed",148.54,263.6,3.562,"Dekalb","John Deere"
"North West",33.6,240,"Rainfed",143.8,92.6,3.368,"Dekalb","John Deere"
"Free State",32.51,486.9,"Rainfed",158.34,68.42,3.72,"Dekalb","John Deere"
"Free State",25.46,566.4,"Rainfed",131.23,103.25,3.083,"Pannar","New Holland"
"Free State",20.5,528.3,"Irrigated",216.93,101.74,3.892,"Pioneer","John Deere"
"Mpumalanga",25.07,711.8,"Rainfed",371.45,158.8,3.426,"Dekalb","John Deere"
"Free State",27.62,515.4,"Rainfed",268.67,118.15,3.251,"Dekalb","John Deere"
"Mpumalanga",21.29,876.3,"Rainfed",217.7,72.66,3.212,"Pannar","John Deere"
"Free State",17.77,651.7,"Rainfed",168.38,125.27,3.849,"Dekalb","John Deere"
"Mpumalanga",24.28,1062.1,"Rainfed",169.86,177.14,3.074,"Pioneer","John Deere"
"Free State",28.52,942.8,"Rainfed",268.88,74.87,3.55,"Dekalb","John Deere"
"Free State",22.82,538.5,"Rainfed",283.43,211.97,3.316,"Dekalb","John Deere"
"Mpumalanga",23.61,765,"Rainfed",127.93,186.08,3.281,"Pannar","John Deere"
"North West",26.62,278.4,"Rainfed",246.19,264.58,3.408,"Dekalb","New Holland"
"Free State",26.73,451.4,"Rainfed",99.54,117.52,3.489,"Pannar","Case"
"Free State",23.53,651.7,"Rainfed",99.13,163.97,3.391,"Pannar","John Deere"
"Free State",22.62,800.3,"Rainfed",323.87,92.25,3.295,"Dekalb","John Deere"
"Free State",24.45,487.1,"Rainfed",167.09,121.29,3.703,"Pioneer","John Deere"
"Mpumalanga",21.15,417.8,"Rainfed",166.86,85.14,3.689,"Pannar","John Deere"
"North West",25.04,1036.7,"Rainfed",249.26,219.09,4.025,"Pioneer","New Holland"
"Mpumalanga",21.05,784.1,"Rainfed",151.31,71.47,3.227,"Dekalb","Case"
"North West",27.96,808.6,"Rainfed",114.82,178.57,3.196,"Pannar","John Deere"
"Mpumalanga",22.62,662.2,"Rainfed",174.44,100.35,3.262,"Pannar","New Holland"
"Free State",30.13,813.8,"Rainfed",79.63,85.37,3.147,"Pioneer","Case"
"Free State",18.57,399.5,"Rainfed",134.59,259.98,4.094,"Pioneer","New Holland"
"Free State",23.2,442.5,"Irrigated",153.9,142.54,2.732,"Pioneer","New Holland"
"Free State",26.53,678.4,"Rainfed",89.15,157.6,3.069,"Pannar","Case"
"Free State",31.05,479.4,"Rainfed",177.91,148.18,3.23,"Pioneer","Case"
"Free State",25.7,479.3,"Rainfed",120.51,181.6,3.406,"Pannar","John Deere"
"Free State",23.94,453.6,"Rainfed",263.97,261.6,3.438,"Dekalb","John Deere"
"Free State",22.77,473.2,"Rainfed",145.98,139.72,3.794,"Pioneer","John Deere"
"Free State",25.66,357.6,"Rainfed",103.5,233.7,3.852,"Pioneer","John Deere"
"Mpumalanga",24.97,732.5,"Rainfed",182.07,47.95,3.191,"Dekalb","John Deere"
"Mpumalanga",21.45,554.7,"Rainfed",160.81,179.79,3.569,"Pannar","Case"
"Free State",24.66,610.5,"Rainfed",167.33,163.99,2.988,"Pannar","John Deere"
"Mpumalanga",22.65,1099.7,"Rainfed",180.24,147.29,3.813,"Pioneer","John Deere"
"Free State",26.92,897.6,"Rainfed",139.15,143.82,3.248,"Pannar","Case"
"Free State",28.45,155.9,"Rainfed",143.19,110.94,3.572,"Dekalb","Case"
"Free State",25.12,635.6,"Rainfed",216.58,103.08,3.196,"Pannar","John Deere"
"Free State",23.7,928,"Irrigated",328.16,221.06,3.531,"Pannar","John Deere"
"North West",34.97,297.2,"Rainfed",72.62,125.12,3.423,"Pannar","Case"
"Mpumalanga",22.49,1036.7,"Rainfed",155.28,229.65,3.219,"Pannar","Case"
"Free State",30.31,536.8,"Rainfed",249.33,114.48,3.579,"Dekalb","New Holland"
"Mpumalanga",21.81,864,"Rainfed",99.7,86.68,4.511,"Pannar","Case"
"Free State",26.46,396.8,"Rainfed",269.95,258.33,3.474,"Dekalb","John Deere"
"Free State",17.82,688.2,"Rainfed",140.02,130.11,3.403,"Pannar","John Deere"
"Free State",23.55,546.8,"Irrigated",222.14,233.33,3.338,"Dekalb","Case"
"Free State",23.91,557.9,"Irrigated",307.52,78.67,3.384,"Pioneer","Case"
"Free State",20.97,836.1,"Rainfed",240.89,159.33,3.579,"Pioneer","John Deere"
"Free State",19.86,610.9,"Rainfed",275.45,118.15,3.251,"Pannar","John Deere"
"Free State",27.79,900.2,"Rainfed",64.42,323.59,3.964,"Pioneer","John Deere"
"Free State",27.66,915.4,"Rainfed",95.79,242.88,3.69,"Dekalb","Case"
"Mpumalanga",18.1,611.4,"Rainfed",210.55,174.31,3.797,"Dekalb","John Deere"
"Free State",25.7,843.8,"Rainfed",111.74,108.54,3.926,"Pioneer","John Deere"
"Mpumalanga",18.66,735,"Rainfed",130.13,210.33,3.202,"Dekalb","John Deere"
"Free State",19.8,674.9,"Rainfed",296.05,187.25,3.238,"Pannar","John Deere"
"Free State",26.1,554.3,"Rainfed",172.83,71.52,3.582,"Pannar","John Deere"
"Free State",21.26,833.7,"Rainfed",167.68,230.31,3.383,"Pannar","John Deere"
"Mpumalanga",24.98,619.7,"Rainfed",148.2,198.85,3.647,"Dekalb","Case"
"Free State",24.15,574.3,"Rainfed",83.46,125.07,3.472,"Pannar","John Deere"
"Free State",26.14,528.8,"Rainfed",74.02,379.31,3.693,"Dekalb","John Deere"
"Mpumalanga",20.43,993.4,"Rainfed",149.96,207.49,3.063,"Pannar","John Deere"
"Free State",19.4,762.4,"Rainfed",191.22,108.2,3.739,"Dekalb","John Deere"
"Free State",27.66,676.6,"Rainfed",93.96,205.5,2.935,"Pioneer","Case"
"Free State",24.95,621.6,"Rainfed",76.35,163.01,3.488,"Pioneer","John Deere"
"Free State",23.04,615.6,"Rainfed",282.7,125.77,3.642,"Dekalb","John Deere"
"Free State",24.28,1013.3,"Rainfed",203.99,31.95,3.293,"Dekalb","John Deere"
"Free State",29.3,335.9,"Rainfed",201.85,112.23,3.902,"Dekalb","John Deere"
"Free State",21.21,538.6,"Rainfed",242.79,137.4,3.567,"Pannar","John Deere"
"Free State",21,761.5,"Rainfed",208.17,187.4,3.039,"Dekalb","Case"
"Free State",21.52,525.5,"Rainfed",105.08,158.96,3.967,"Pannar","John Deere"
"Mpumalanga",17.25,711.2,"Irrigated",279.67,150.32,3.625,"Dekalb","John Deere"
"Free State",27.28,467.9,"Rainfed",95.63,266.08,3.388,"Pioneer","John Deere"
"Free State",24.77,601.9,"Irrigated",134.24,132.77,3.71,"Pioneer","Case"
"Free State",24.83,317.9,"Rainfed",189.51,85.07,3.092,"Pioneer","New Holland"
"Free State",23.83,631.3,"Rainfed",185.33,108.7,3.5,"Dekalb","John Deere"
"Free State",21.96,500.4,"Irrigated",211.25,125.25,3.58,"Pannar","John Deere"
"Mpumalanga",19.53,922,"Rainfed",238.65,105.32,2.665,"Pannar","John Deere"
"Mpumalanga",24.56,969.4,"Rainfed",116.64,59.41,3.403,"Pioneer","John Deere"
"Free State",18.3,513.3,"Rainfed",95.22,177.05,3.303,"Dekalb","John Deere"
"Free State",25.76,1378.2,"Rainfed",100.19,193.15,3.665,"Dekalb","John Deere"
"Free State",20.83,1146.4,"Rainfed",209.92,98.04,3.891,"Pioneer","New Holland"
"Free State",25.13,477,"Rainfed",135.15,164.97,3.525,"Pioneer","John Deere"
"Free State",21.04,748.1,"Rainfed",196,118.16,3.28,"Pioneer","Case"
"Free State",21.91,934.6,"Rainfed",271.81,119.22,3.511,"Pannar","John Deere"
"North West",36.85,307.7,"Rainfed",123.67,177.73,3.116,"Pannar","New Holland"
"North West",31.34,506.1,"Rainfed",243.58,163.65,3.156,"Pannar","John Deere"
"Mpumalanga",15.57,790.4,"Rainfed",125.09,104.91,2.795,"Pannar","John Deere"
"Mpumalanga",22.38,1109,"Rainfed",213.73,98.22,3.469,"Pioneer","Case"
"North West",25.74,820.3,"Rainfed",166.88,173,3.685,"Dekalb","New Holland"
"Free State",19.45,1139.2,"Rainfed",114.63,87.24,3.643,"Pannar","New Holland"
"Free State",24.84,493.4,"Rainfed",245.98,99.43,3.168,"Pioneer","John Deere"
"Free State",24.52,833.1,"Rainfed",223.55,251.15,3.374,"Dekalb","John Deere"
"Mpumalanga",21.01,1058.9,"Rainfed",113.75,145.95,3.887,"Pioneer","John Deere"
"Free State",31.89,522.9,"Rainfed",167.14,111.62,3.68,"Pannar","John Deere"
"Free State",15.01,333.6,"Rainfed",479.99,80.58,3.669,"Dekalb","John Deere"
"Mpumalanga",24.51,987.5,"Rainfed",119.53,186.89,3.432,"Dekalb","John Deere"
"Mpumalanga",21.13,496.7,"Rainfed",153.25,106.3,3.482,"Pioneer","Case"
"Free State",26.63,751.5,"Rainfed",298.41,141.9,3.165,"Pannar","John Deere"
"Free State",22.18,536.4,"Rainfed",102.51,230.53,3.509,"Pioneer","John Deere"
"Free State",21.62,495,"Rainfed",451.91,123.31,3.617,"Pioneer","John Deere"
"Free State",17.16,850.1,"Rainfed",123.9,214.83,3.561,"Dekalb","New Holland"
"Mpumalanga",21.37,640.6,"Rainfed",131.82,81.73,3.574,"Dekalb","Case"
"Free State",33.91,950.2,"Rainfed",161.82,62.15,2.767,"Dekalb","Case"
"Free State",27.96,656.9,"Rainfed",259.59,157.18,3.571,"Pioneer","John Deere"
"North West",36.38,382.7,"Rainfed",500,230.56,3.33,"Pioneer","John Deere"
"Free State",27.66,593.2,"Rainfed",201.95,107.61,3.102,"Dekalb","John Deere"
"Mpumalanga",25.43,1102.3,"Rainfed",213.98,121.37,3.444,"Pioneer","John Deere"
"Mpumalanga",24.71,826.7,"Rainfed",91.8,205.04,3.57,"Pioneer","Case"
"North West",30.38,427.3,"Rainfed",174.65,111.09,3.169,"Dekalb","John Deere"
"Mpumalanga",20.25,940.5,"Rainfed",60.4,82.67,3.547,"Dekalb","John Deere"
"Mpumalanga",20.4,483.9,"Rainfed",147.4,94.22,3.146,"Pannar","John Deere"
"Mpumalanga",17.2,780.2,"Rainfed",305.91,125.88,3.214,"Dekalb","John Deere"
"Free State",23.98,256.4,"Irrigated",151.22,68.35,4.009,"Dekalb","Case"
"Free State",27.6,609.2,"Irrigated",160.51,194.63,3.715,"Dekalb","Case"
"Free State",28.13,452,"Rainfed",167.24,175.37,2.993,"Pioneer","New Holland"
"Free State",24.38,581,"Rainfed",156.07,197.58,3.421,"Pannar","John Deere"
