"region","temperature_C","rainfall_mm","irrigation","fertiliser_kgha","pesticide_kgha","soil_organic_matter","seed_brand","tractor_brand","yield_tha"
1,19.39,731.7,1,128.88,189.58,3.672,3,1,5.28526471532098
3,17.04,1292.7,1,178.4,125.02,3.522,1,3,6.38237465941371
1,29.16,1169.9,1,141.65,198.74,3.534,3,2,6.31004043450394
2,29.51,930.1,1,297.52,146.04,3.289,1,1,6.22508415427376
2,15.95,1799.9,2,465.92,115.99,4.12,2,2,9.76725649545455
1,22.43,1152.4,1,268.37,141.79,3.683,3,1,7.00117727130674
1,17.62,714.9,1,87.1,111.49,3.768,2,1,4.67833978527506
2,12.58,869.9,1,164.33,252.44,3.22,3,1,5.46244165740274
1,23.9,926.3,2,120.41,235.58,3.024,2,2,5.7428080427431
1,22.52,856.7,1,150.47,168.07,4.081,2,1,6.0619541157745
2,24.42,1358.4,1,169.49,114.94,3.534,2,1,6.65078012608134
1,24.3,906.3,1,161.49,106.02,3.324,3,2,4.81110471944881
3,28.29,1071.7,1,280.14,92.07,3.465,3,1,6.05932724821582
1,24.23,1280.5,1,304.5,103.32,3.365,3,2,7.40542816930425
1,19.3,969.6,2,192.02,121.7,3.814,1,2,5.80791199393376
2,20.59,1410,1,226.86,160.67,3.739,2,1,7.059099931836
1,22.21,2106.8,1,121.82,342.73,4.246,3,3,8.34230741057211
1,24.86,899.1,2,145.31,190.33,3.082,1,2,5.59273538488025
1,16.76,1359.1,1,239.57,101.89,3.432,3,3,6.66330080627977
2,23.89,639,1,399.77,224.56,3.623,2,2,6.94433620014587
2,30.8,528.1,2,244.39,74.03,3.947,2,3,6.17977697226743
3,22.35,1408.1,1,182.82,86.74,3.216,2,3,6.80838006646528
3,18.81,2289.5,1,227.97,80.75,3.585,2,1,8.84104334070155
2,23.34,2010.8,1,265.34,134.59,3.433,1,3,8.93523292299017
3,29.69,1082.9,1,251.8,60.22,3.011,2,1,6.06607246772829
3,26.3,1077,1,144.69,255.98,3.17,3,2,5.60758396250179
1,30.42,1453.7,1,171.75,188.07,3.149,1,2,6.46090150998423
1,23.83,1154.8,1,84.79,220.96,2.965,2,1,6.29173428851939
1,25.46,1207.4,1,113.32,133.75,3.572,1,1,6.08571438723352
1,19.65,585.4,1,93.7,217.11,3.532,2,1,5.07807247761727
2,28.63,908,1,156.12,157.39,3.695,3,1,5.54918758714613
2,21.96,849.2,1,144.23,213.42,3.868,1,3,5.49461382399603
3,14.48,1913.2,1,206.47,100.12,2.988,3,1,8.14598300339116
3,23.77,1127.2,1,216.27,102.54,3.377,2,1,6.17398741250362
1,34.68,1123.1,1,116,169.42,3.138,3,1,5.28520897123033
1,27.81,503.8,1,128.79,83.64,3.503,1,1,4.18784730105867
3,29.99,1144,1,174.39,319.65,3.78,3,3,6.18436668399321
1,25.15,1230.4,1,166.61,150.88,3.617,3,1,6.20601354567875
1,19.35,1036.5,1,196.12,184.69,3.484,3,1,5.78926695291709
1,21.79,634.5,2,100.93,155.22,3.372,2,1,5.23945661822102
1,21.36,589.3,1,123.49,294.28,3.493,3,1,4.96328874492928
1,20.19,1189.9,1,208.07,108.92,3.771,1,1,6.30763379904746
1,27.23,1909.2,1,218.24,128.5,3.807,1,1,7.55022584020671
1,15.82,1676.2,1,154.05,144.3,3.672,2,2,7.85311560730028
1,28.2,1076.8,1,308.89,125.22,3.822,3,1,6.3689494518068
1,28.18,866.6,1,338.66,140.53,3.49,2,1,6.34793246806946
1,15.81,1026.8,1,120.38,111.34,3.959,1,1,5.55558278405212
1,26.84,1220.4,2,235.98,200.73,3.198,3,1,6.92238403357401
1,37.58,828.2,1,252.33,126.1,3.529,1,2,4.84415822672383
2,21.66,1100.4,1,168.06,132.85,2.962,3,1,5.55806945706919
1,28.07,743.1,1,173.74,138.27,3.609,2,1,5.33158432010342
1,18.31,926,1,360.18,90.07,2.793,3,1,6.55426659928991
3,29.66,1347,1,239.62,168.61,3.412,1,2,6.77319765021752
1,24.5,859,1,169.03,114.94,3.509,3,3,5.11515396418564
1,32.91,754.4,1,209.57,149.79,3.607,2,1,5.48120521077204
1,14.25,1610.2,1,142.87,141.73,3.376,1,1,7.23839356365538
1,22.69,1013.8,1,239.92,159.9,3.329,2,2,6.44708005304613
3,19.84,1605.6,1,224.03,163.36,3.553,1,1,7.41200369338568
2,23.82,710.2,1,500,155.16,3.307,2,1,6.79015198133957
1,19.22,996.5,1,144.68,197.24,3.65,1,3,6.26312903493687
3,18,1354.3,1,144.35,102.89,3.693,3,1,6.1692331411522
1,26.47,916.4,2,74.2,112.56,3.115,2,3,5.86526272612916
1,16.47,553.9,1,255.12,163.37,3.394,1,2,5.57637845649639
1,31.9,1022.8,1,164.38,89.73,3.845,2,2,5.94222234209452
3,15.88,810.1,1,103.65,228.75,3.353,3,1,5.08051132340399
1,23.61,757.2,2,116.62,123.86,3.294,2,2,5.6768299294252
3,26.2,2237.1,1,158.17,131.22,3.846,1,1,7.74499363348891
3,26.52,426.8,1,133.72,91.73,3.082,3,1,3.7154039176536
3,21.19,985.7,1,125.3,216.62,3.38,1,1,5.8784997258381
1,23.48,635.9,1,93.2,161.7,3.278,3,2,3.94090429312491
3,28.77,1468.5,1,118.24,159.48,3.055,2,1,6.4478032696934
3,14.26,1368.5,1,168.61,109.75,3.464,3,1,7.10867573003817
3,18.31,1776.4,1,108.42,98.23,3.615,1,2,7.60441330656083
1,24.92,1298.7,1,115.1,102.85,3.306,3,1,5.45819089576044
1,20.33,1033.6,1,93.28,289.66,3.476,1,1,6.44233559866863
1,31.22,733.5,1,93.26,130.89,3.592,3,1,4.10097574472185
1,27.04,1269.8,1,115.16,342,3.564,1,1,6.9656062806822
3,23.43,969.9,1,195.45,138.88,3.328,3,3,5.65290986522475
1,13.95,1134.9,1,169.27,172.98,3.282,3,3,6.07353415858475
1,23.16,1114.9,1,134.26,96.7,3.619,2,1,6.68109224923308
1,21.1,478.9,1,275.22,227.78,3.756,1,1,5.4512448112136
3,22.39,1607.5,1,129.14,115.5,3.478,2,1,7.0814869452909
1,15.91,1726.7,1,195.92,170.46,3.243,1,1,7.97412274038398
3,25.99,1570.6,1,189.41,76.6,2.817,2,3,7.01416752617374
1,16.77,1479.7,1,264.31,180.47,3.216,3,1,7.64903995574331
1,21.64,1373.8,1,258,164.88,3.315,2,1,6.98949917954824
2,27.29,1102.9,1,244.75,49.43,3.853,1,2,5.37963008219982
2,20.3,745.7,1,117.34,94.81,3.545,2,2,5.38404978655022
2,28.5,995.8,1,174.35,86.19,3.576,1,2,5.34744769931765
1,15.1,872.8,1,126.92,203.06,3.526,1,2,5.74167489492928
1,6.14,1372.3,1,88.25,174.54,3.332,3,1,6.69901490431862
3,25.79,1628.6,1,188.25,94.93,3.675,1,3,7.10212803876581
1,28.04,1048,1,191.09,123.71,3.232,3,3,5.93980101889313
3,21.28,934.1,1,93.66,192.22,3.7,2,1,5.70094574696984
1,26.02,1600,1,331.57,66.69,3.24,1,1,7.12603348121634
1,16.06,1420.3,1,107.32,137.74,3.773,1,1,6.74387479251264
3,22.24,1263.2,1,253.13,154.04,3.983,2,1,7.04887249128341
1,11.35,1273.3,2,201.05,164.33,3.177,3,1,7.76156382791165
1,30.09,2015.2,1,106.17,84.58,3.211,3,2,7.02103699285059
1,34.16,1607.2,2,244.55,101.36,3.778,3,1,7.35990748460441
1,29.44,1795,1,155.2,165.45,4.063,3,2,7.74211420465838
1,22.84,813.2,1,90.09,147.16,3.328,3,1,5.00284658828501
1,22.8,873.3,1,119.37,196.14,3.202,1,1,5.37099452904108
2,15.9,748.8,1,177,209.37,3.65,1,3,5.81244159453502
1,27.74,707.7,1,136.05,144.91,3.87,2,2,5.09617686756127
2,23.74,906.6,1,122.59,301.22,3.319,3,3,5.46529271562705
2,21.06,778.6,1,197.96,145.51,3.527,3,3,5.40446454637451
3,14.53,1072.4,1,154.61,159.72,3.402,2,1,6.43069608109012
1,21.2,1464,1,175.64,164.6,3.764,1,2,6.97097747337305
1,17.91,812.4,1,176.1,81.95,3.521,3,2,5.05838983566913
2,22.62,545.1,1,324.51,144.67,3.729,2,1,5.64374163110603
1,15.69,1395.3,1,136.06,117.9,3.542,1,1,6.67813690532825
1,33.13,907.9,1,199.25,148.52,3.533,1,3,4.99891739138075
2,24.9,772,1,55.73,134.97,3.749,3,1,4.27562650601422
3,29.45,1823.4,1,126.23,113.43,3.308,2,1,7.12239917777882
1,7.39,1264.4,2,161.5,80.82,3.751,2,3,6.92419151695405
1,20.28,731.6,1,140.25,88.4,2.98,3,1,5.33403993663415
2,20.95,1208.4,1,162.44,52.98,3.669,2,3,6.29387652269065
1,15.66,1445.5,1,127.05,153.78,3.789,1,2,6.71055721566243
1,32.28,780.1,1,215.56,126.82,3.46,1,1,4.68312727883383
3,14.51,480.9,1,116.69,180.68,3.663,1,1,4.61639273564695
1,24.91,968.8,1,169.05,153.8,3.666,3,3,6.08825749907388
1,28.08,1234.1,1,91.9,101.28,3.087,2,2,5.85044080810831
1,24.07,493.5,1,110.08,104.94,3.51,2,2,4.97554437825601
1,17.75,1032.5,2,210.46,76.32,3.717,1,1,6.71318145419766
2,30.65,562.9,2,160.47,96.44,3.661,3,1,5.31420936070684
1,24.02,1428.3,1,146.73,402.53,3.431,2,1,7.08607729565111
1,16.62,1179.7,1,68.16,183.19,3.367,2,2,5.3979991333932
1,14.67,1692.5,1,345.88,78.49,3.357,2,1,8.12089955770698
3,35.52,946.3,2,144.33,50.91,3.052,3,1,4.61291800831654
3,18.93,1074.4,1,306.3,103.61,3.453,3,1,7.16414711649949
2,13.87,720.1,1,97.53,168.7,3.668,3,2,5.30621139290433
3,26.2,1066.9,1,119.57,154.25,4.181,2,2,6.22889832190791
3,24.86,1552.6,1,260.91,103.14,3.293,2,1,7.3952522699129
1,14.88,832.9,1,139.59,100.39,3.092,2,3,5.56885994630106
3,11.34,1323.9,1,162.29,153.95,4.216,2,1,7.31478245696997
3,22.3,1227.6,1,172.29,173.06,3.855,2,1,7.0805660515947
3,29.84,1065.6,1,150.23,495.06,3.462,2,3,7.0832698835331
2,28.82,821.8,1,303.67,124.42,3.686,1,1,5.43020879749881
1,20.04,979.2,1,153.64,120.07,3.708,2,3,5.98318201679158
1,17.99,1256.9,1,126.25,163.31,3.582,2,1,6.7426168100021
1,24.63,1770.8,1,101.5,101.89,3.895,1,2,6.91706420833814
1,23.94,1111.8,1,358.85,204.8,3.479,2,1,7.18493142133814
1,26.78,791.6,1,167.64,76.64,3.609,1,3,5.02343260416777
3,20.63,686.4,1,108.52,144.64,3.888,2,2,5.2682921884664
1,28.4,718.5,1,151.43,57.53,3.015,1,2,4.25380799812815
1,18.02,1208.1,1,187.57,174.81,3.017,2,2,6.42346265528321
1,21.02,827.1,1,72.83,123.06,3.887,3,3,5.00661985920825
1,27.44,1560,1,79.99,268.97,3.812,2,2,7.51960919332177
3,28.94,1270.7,1,155.82,84.6,3.587,1,1,6.14903697435139
3,11.37,1157.8,1,176.42,79.5,3.466,2,2,6.15297800334806
1,23.64,744.5,1,85.92,245.23,3.695,2,2,5.26787204110437
1,26.65,199.2,2,260.91,143.39,2.945,1,1,3.86285582354695
1,14.3,950.5,1,249.92,62.31,3.392,2,1,5.67614541057023
1,25.88,646.3,1,500,185.75,3.198,1,1,6.26402497981079
1,18.03,1457.1,1,164.56,94.09,4.203,2,2,7.46596952588382
1,29.12,1126.9,1,113.51,162.52,3.154,1,1,5.07809497210143
1,26.23,816.5,1,86.33,216.52,3.236,3,1,4.50102879702426
1,27.61,655,1,205.67,134.29,3.143,1,2,4.37493457509903
1,23.72,1043.8,1,298.28,177.42,2.965,3,2,6.8008430275137
1,28.18,699,1,241.06,277.54,3.489,3,2,5.14805868083855
1,31.28,1065.4,1,156.09,105.04,3.738,2,1,6.3758034318839
3,34.8,989.4,1,85.13,91.83,3.419,1,3,4.14298498869252
1,22.83,1131.5,1,136.11,178.67,4.151,1,1,6.45659187461849
1,9.51,774.8,2,43.48,147.35,2.987,1,1,4.97762130645032
1,23.19,1045.9,2,136.57,149.77,3.551,3,2,6.07980710010142
3,24.23,1264.9,2,145,164.5,3.46,1,3,6.1007971839834
1,22.07,1091.5,1,67.87,149.4,3.961,3,1,5.43716886631521
1,26.41,878.5,1,173.41,172.01,3.52,3,1,5.43528051433066
1,29.06,889.7,1,166.95,78.85,3.171,1,2,5.10506357008048
3,19.89,1658.7,1,166.28,164.92,3.63,3,3,7.13659421740252
1,21.24,893.6,1,81.41,326.3,3.458,1,1,5.59067001803164
2,27.39,970.7,2,82.54,135.42,3.554,3,1,5.05913930450416
3,19.7,1924.4,1,100.62,112.93,3.137,1,1,6.9287494785245
3,23.55,603.3,1,100.47,172.25,3.661,1,1,4.43004913605157
3,11.23,1776.4,1,163.41,240.58,4.1,1,1,8.72525673873219
1,16.28,959.7,1,152.55,133.38,3.434,2,1,6.57219781253306
1,15.03,993.1,1,128.72,172.09,3.85,2,2,6.11172204318255
2,19.88,1202.4,1,128.43,111.05,3.936,1,1,6.39962411069608
1,18.84,1139.1,1,93.48,101.59,3.802,3,2,5.54328565603386
3,25.29,1012.8,1,124.24,110.16,3.279,3,1,4.82029453249079
1,28.89,990.4,1,105.74,245.51,2.737,3,1,4.9939055132333
3,18.64,1056.8,1,197.19,269.87,3.799,2,1,7.13980462203981
1,17.02,1828.3,1,304.7,82.25,3.465,3,1,8.16935908335723
1,16.75,1361.3,1,196.46,147.63,3.512,3,1,7.31759144911867
1,20.51,702.6,2,286.96,165.44,3.446,1,1,6.30028921672028
1,21.57,1428.5,1,134.28,72.46,3.534,1,1,6.36513841484053
1,25.9,1325.3,1,93.02,151.98,3.134,2,1,6.31216553624075
2,23.07,1053.6,1,248.44,112.74,3.522,3,1,6.63771457736408
2,12.53,493.7,1,100.06,61.12,3.4,2,1,4.28663833375777
1,22.45,1364.9,2,97.93,187.41,3.669,2,2,6.98928886726959
1,30.12,963.8,1,227.83,107.61,2.896,3,1,5.05002950168187
2,32.15,329.1,1,145.62,69.82,3.055,3,1,3.2715759464033
3,18.27,1884.2,1,112.44,349.47,3.565,2,1,8.1362053346459
2,15.71,1087.8,1,201.33,194.11,3.48,3,1,6.26798106576693
1,37.75,1084.7,1,181.38,228.55,3.395,1,1,5.20515741533226
1,22.03,784.4,1,253.13,145.27,3.902,3,1,6.5685512745476
3,22.42,811.4,1,240.54,46.84,3.404,3,1,5.63009788351044
1,25.52,493.5,2,104.65,102.14,3.374,2,3,4.85549728596081
1,13.32,980.1,1,186.97,70.85,3.224,2,1,6.12445652723113
1,18.63,2075.7,1,237.52,109.75,3.39,3,1,8.44066444291155
2,15.76,565.1,2,419.02,153.65,3.831,3,2,7.85071977525576
3,18.84,1362.7,1,140,171.9,4.075,1,3,6.74943386860605
1,23.71,923.3,2,446.11,140.2,3.975,3,1,8.4267558220052
1,14.81,1008.5,1,317.19,72.13,3.315,1,2,6.09327134388201
2,28.54,1435.3,1,225.78,175.78,3.834,2,2,7.10165312354763
1,24.74,1050.4,1,75.2,96.98,3.093,2,2,5.35328033002971
1,17.57,1845.6,1,344.08,53.35,3.306,2,1,8.28608602058019
1,24.36,1318.1,1,199.15,73.14,3.605,2,1,6.33305564857919
1,27.49,1249.8,1,165.47,193.1,4.08,3,3,6.41729576473899
1,29.37,957.9,1,156.23,154.59,3.497,2,2,5.98147151724646
1,21.72,1000.1,1,175.86,95.77,3.814,1,2,5.79511583072838
1,22.44,383.9,2,213.46,25.9,3.443,1,1,3.82905413461642
3,22.48,1263.7,1,204.88,177.46,3.515,2,3,7.02363771429167
1,31.65,834.8,1,270.27,174.87,3.589,1,1,5.62370240477572
3,29.75,2113.4,1,143.94,125.26,4.025,1,1,7.76455552572503
1,28.01,1852,1,71.74,97.25,3.295,3,2,5.98842103251792
1,21.28,1261.9,1,190.19,72.24,3.441,1,1,6.26603602555878
3,25.24,1318,1,163.77,105.3,3.603,1,3,6.5395081516246
2,27.42,2052.9,1,220.41,115.18,3.564,2,1,8.06821035019571
1,16.75,1298.3,1,187.23,89.77,3.162,3,1,6.19169578862363
2,14.63,540.6,1,106.19,84.99,3.458,1,2,4.62449334935361
3,26.85,1427.7,1,78.94,218.28,3.715,2,1,6.87074951609306
3,13.82,747.3,1,122.68,107.59,3.455,3,1,5.11852208231589
1,23.01,806.5,1,110.36,158.37,3.513,2,1,5.84714129945775
1,24.5,1074.2,1,162.96,152.51,3.098,3,3,5.43755150336803
1,26.38,1069.4,1,166.22,165.18,3.355,2,2,6.45550293881986
1,24.14,1058,1,83.8,109.28,3.258,1,1,5.06096220049057
3,18.6,1066.2,1,310.41,175.31,3.603,2,2,6.8818792170857
2,30.92,1600.3,2,147.17,144.87,3.385,1,1,6.68407173688177
3,33.43,1217.3,1,147.79,231.94,3.32,2,2,6.53901920099576
1,28.29,1132.1,1,218.63,144.84,3.754,2,1,6.5417847561721
1,11.34,993.4,1,168.11,99.38,3.527,3,2,5.76411755490693
1,31.4,1530.4,1,215.12,279.83,4.097,2,1,7.73689197584269
1,22.66,1684.5,1,109.14,120.33,2.941,2,1,6.86040705481262
1,26.15,1134.1,1,144.12,147.57,3.817,3,1,5.8633183049667
1,26.73,1158.5,2,265.21,278.92,3.559,3,1,7.68701771724356
3,22.42,1052.8,1,131.68,156.23,3.133,1,1,5.85998830507498
1,22.55,1092.8,2,158.15,184.58,3.562,3,1,6.3222836059514
3,29.11,1424,1,160.8,46.39,3.569,1,1,6.15531078898229
1,27.27,1182.7,1,111.87,78.8,3.431,3,1,5.00477595718811
3,28.94,1007.7,1,190.88,86.91,3.491,1,1,5.15471192045625
1,37.3,888.6,1,168.1,153.11,3.824,1,1,5.45888067166712
3,26.99,1137.7,1,368.01,179.95,3.61,3,1,7.4133691188539
1,24.24,881.4,1,110.74,73.15,3.165,3,2,4.49375864410173
3,9.74,1120.6,1,188.12,194.48,3.295,3,2,6.9715848979125
1,39.15,1178.7,1,224.06,500,2.801,2,1,7.49658165605071
2,22.1,558.6,1,121.73,214.28,3.657,1,1,5.17662988838213
2,39.25,867.8,2,89.66,91.15,3.346,1,1,4.69242099041096
3,25.25,820.8,1,176.69,79.88,3.584,1,1,5.27886723687617
1,32.23,1403.9,1,127.68,102.44,3.562,2,1,6.04896572273155
1,22.34,666.9,1,166.96,275.9,3.285,3,1,5.32861597267102
1,26.07,1733.8,1,152.22,129.12,3.499,3,1,6.97479304498471
1,24.28,954.9,1,145.57,117.8,3.777,3,3,5.46379603643106
1,21.88,1014.9,1,102.7,218.82,3.367,2,1,5.90840489944676
3,22.28,1486.4,1,131.76,291.64,3.618,2,3,7.65794031256363
1,29.08,1670.9,2,114.97,96.97,3.532,1,2,6.98955740384206
1,21.79,864.1,1,133.34,154.85,2.845,3,1,5.15858522681427
1,10.77,997.3,1,201.41,103.75,3.122,1,1,5.90458676137082
2,23.82,863.2,1,100.05,87.54,3.181,3,1,4.31996047687456
2,28.24,1461.6,1,148.42,215.09,3.835,1,1,6.92044218112147
2,28.7,1471.7,1,239.87,117.68,3.264,3,1,6.74827651613372
3,26.7,722,1,311.24,177.54,3.324,3,1,6.67232256071309
2,14.85,1483.1,1,157.29,87.59,3.791,3,3,7.05498680847639
1,25.21,1504.6,1,134.8,152.19,3.656,2,3,6.94490281778243
1,28.81,487.1,1,205.59,52.91,3.241,2,3,5.15833083359257
1,30.66,1359,1,168.01,82.56,2.753,1,1,5.60423815515968
1,21.65,722.9,1,210.62,213.01,3.733,1,2,5.8384219775561
1,21.07,751.5,1,335.45,100.98,2.674,3,1,6.35871452544052
1,31.93,1141.9,1,144.46,132.23,3.72,3,1,5.38085699151148
2,14.99,1450,1,180.02,80.87,3.573,1,2,7.35538421913321
1,20.38,854.6,1,94.32,65.84,3.551,1,1,5.11541807709095
1,25.74,1009.7,1,102.97,123.51,3.501,1,1,6.00774075333937
1,13.29,1190,1,127.42,170.53,3.771,2,1,5.95153246132798
3,24.68,922.8,1,143.26,88.1,4.193,2,1,5.79313378147588
3,34.27,520,1,102.82,144.4,3.55,2,2,4.5385419984067
2,24.98,743.3,1,275.82,269.79,4.008,2,1,6.42873010949755
1,21.33,560.1,1,111.86,123.69,3.779,3,1,4.91592277521028
1,25.85,675.8,2,123,130.69,3.417,2,3,5.26744187091457
3,21.33,1642.2,1,99.01,130.29,3.302,1,1,6.83614925379932
3,27.88,714,1,155.48,148.32,3.509,2,3,5.67739451708112
1,28.43,1669.8,1,147.56,179.07,3.914,3,1,6.43533450396177
1,23.02,705.8,1,210.22,102.01,3.376,1,2,4.31665741152242
1,15.94,1488.2,1,48.17,187.31,3.533,2,1,6.47701905607249
1,15.09,1720,1,141.41,96.29,3.388,2,3,7.5377795505652
1,19.44,1089.3,2,129.46,145.36,3.384,2,1,6.03139770178682
1,27.78,808.8,2,257.87,187.6,3.24,1,2,5.70627477436803
1,11.25,840.1,1,110.48,82.64,3.322,3,2,5.12035981038631
1,11.68,2101.5,1,108.51,154.21,3.687,1,1,8.00956043939528
3,19.08,474.2,1,346.44,160.08,2.889,1,1,6.01741867136063
1,25.37,2074.9,1,151.82,124.41,4.17,2,1,8.79793155542727
1,17.52,1305.2,2,229.16,109.97,3.55,1,2,6.85775503721343
1,28.32,744.9,1,157.66,99.24,3.647,2,1,5.01250467010377
2,27,752,1,341.97,235.67,3.6,1,3,6.35565934776351
3,21.98,1757.1,1,149.75,78.69,3.683,1,1,7.1338625707573
3,27.91,590.5,1,96.23,171.56,3.569,1,2,3.98174935173039
2,27.33,445.7,1,424.14,128.79,3.851,3,3,6.28957968439256
1,20.32,592,1,286.67,79.54,3.289,2,1,5.37192567259562
1,24.39,1225,1,199.66,92.74,4.093,2,3,6.88240498158645
3,26.89,1495.1,1,148.93,89.68,3.581,1,1,6.70152053543466
3,25.14,819.3,1,183.97,166.09,3.355,3,1,5.16503339043347
1,19.05,1565.6,1,106.87,120.26,3.948,1,1,6.75197669574552
3,28.13,1864.7,1,304.88,232.08,3.589,1,1,8.77766679751509
3,29.92,1543.9,1,164.95,134.95,3.183,1,1,6.31419306668462
3,24.66,987,1,261.31,108.52,2.728,1,1,5.63293901553562
1,23.86,851,1,162.74,106.99,3.471,1,1,5.20316601784491
1,22.55,1416.4,1,174.92,92,3.815,2,3,7.02309274982318
1,35.97,985.2,1,289.49,132.25,3.117,3,1,5.84212010446555
1,24.66,278.6,1,131.23,93.62,2.677,1,1,3.8508218803495
1,22.05,367.3,1,106.9,132.73,3.763,1,1,4.01276419000357
1,7.95,677,1,176.78,163.03,3.383,1,1,5.57114670606926
1,13.61,887.2,1,75.46,61.36,3.039,1,3,4.97038071385257
3,22.53,756.9,1,253.89,111.82,3.481,2,1,5.75397856192043
1,24.24,1256.7,1,195.54,156.05,3.315,2,1,6.17483717230154
1,24.66,1022.8,1,106.16,134.18,3.322,3,1,5.34020608996863
3,27.93,827,2,171.75,79.42,2.977,1,1,5.07720286316727
3,21.84,1244.9,1,152.59,162.56,3.915,3,1,5.84256709924974
1,30.29,722.2,1,151.81,133.96,3.327,1,1,4.46417092465881
1,17.47,482.1,1,63.38,219.23,3.633,2,1,4.11612408528473
2,17.75,307.1,1,98.26,160.86,3.892,1,1,4.38282601381794
2,17.63,700.9,1,194.77,92.51,3.114,2,3,5.5894952298592
1,27.45,1020.6,1,246.65,184.75,3.412,3,1,5.98452635955521
1,22.5,943.3,1,279.77,114.81,3.798,2,1,6.27853008806957
3,27.74,848.5,1,135.98,174.75,2.965,2,1,5.22657772387508
1,21.39,1050.5,2,188.81,255.27,3.856,3,2,7.13672286355368
1,19.45,1287.1,1,195.4,118.36,3.692,2,1,6.57898474910644
2,22.79,673.1,1,91.04,185.62,3.137,2,2,5.7619210552365
1,11.88,1056.6,1,116.03,63.47,2.81,3,2,5.24671279907898
1,15.98,1248.8,1,134.95,41.57,3.073,2,2,6.23871783248889
2,16.35,1022.8,2,104.97,61.38,3.516,3,1,6.09508590799491
3,29.33,1582.6,1,270.22,143.37,3.496,1,1,6.91091817499043
1,19.42,1500.2,1,172.28,43.25,2.826,1,1,6.13050445779227
3,27.74,1588.9,1,235.15,42.27,4.028,3,1,6.78095819898684
3,32.1,979.8,2,127.51,364.29,3.515,3,2,6.09431261415115
1,21.85,2033,1,120.25,156.98,3.139,3,2,7.53523039600599
1,24.7,686.2,1,108.96,153.22,3.139,3,2,4.71283728245056
3,12.49,1736.3,1,227.8,132.33,3.815,1,1,8.03523181038723
3,18.09,1083.4,1,188.63,240.68,3.376,1,1,6.06608132110866
3,23.34,948.6,1,159.21,122.27,3.92,2,1,6.18960080753255
2,26.79,724.9,1,154.52,190.12,3.171,3,1,4.76189284372047
1,18.44,1107.8,1,225.49,142.33,3.653,1,1,6.52048841116897
1,39.11,697.4,1,154.29,104.89,3.76,2,1,5.74635399426544
1,20.25,1059.7,1,131.63,91.72,3.264,2,1,5.88045787924241
1,23.39,1194.8,1,126.77,61.86,3.611,1,1,5.98033615994884
1,26.9,890.4,1,133.7,131.5,3.264,2,1,5.85479657825638
1,22.84,1391.8,2,82.31,67.33,3.968,1,2,5.84655125453656
2,21.14,1191.6,2,292.35,110,3.67,2,1,6.89632063932257
1,29.27,1205.7,2,104.81,80.43,3.598,2,2,6.1969234532439
1,32.69,392.8,1,127.61,142.06,3.546,1,1,4.19280445397236
3,22.82,978.5,1,110.35,241.49,3.173,3,3,5.31520568702826
1,26.37,2082,1,217.91,209.11,3.662,2,3,8.91656786612998
2,24.42,966.5,2,190.56,92.47,4.025,3,3,5.998284657905
1,29.1,609.3,1,200.79,52.9,3.369,2,3,5.1937191972417
1,16.06,1576.4,2,247.71,124.08,3.899,3,1,8.59004013757527
3,36.93,465,1,117.14,83.17,3.191,2,2,4.51994661617205
2,21.38,1373.5,1,172.06,106.53,2.939,3,1,6.66562378351084
3,14.25,2737.1,1,140.27,156.6,3.385,1,1,9.41622928539988
1,20.89,1479.5,1,108.97,130.89,2.96,1,3,6.32518527163007
1,23.88,749.1,1,159.72,371.9,3.275,3,1,5.76672895533865
3,32.74,1239,1,130.35,137.31,3.251,1,1,5.4569391305989
1,28.47,2012.3,2,317.55,218.36,3.443,2,2,9.47842563951294
1,23.85,803.4,1,380.24,86.46,3.1,2,1,6.27293633464895
2,16.66,1093,1,388.94,123.22,3.989,1,1,7.18965218026709
1,17.8,644.9,1,231.13,193.16,3.404,3,2,5.74663603424282
1,22.02,779.3,1,124.81,183.57,3.3,2,2,5.20401165930343
3,38.32,1260.3,1,218.1,74.87,3.457,1,2,6.41514285638502
1,11.84,1607.9,1,230.38,103.42,4.006,3,1,7.44938325537991
1,29.79,802.2,1,265.53,135.48,3.629,2,2,5.79346660933406
1,19.84,687.9,1,236.58,126.19,3.633,3,3,5.31476056901223
1,33,800,2,168.53,106.76,3.011,1,3,4.97972319260581
1,16.16,1355,1,112.47,79.75,3.584,1,1,5.96785426896356
1,23.86,1203.8,1,261.97,263.02,3.095,1,1,6.73550666044197
2,18.4,1692.2,1,245.34,191.55,3.972,3,1,7.87715221757056
1,28.42,1029.5,1,109.54,221.89,3.808,2,1,6.20037147102928
1,31.9,1135.5,2,232.56,138.11,3.612,1,3,6.4963409689514
2,36.7,597.1,1,124.57,220.17,3.609,1,1,4.84548166772123
3,27.79,863.8,1,134.9,164.32,3.207,3,1,5.04725114406503
1,34.06,807,1,143.81,129.49,3.234,3,1,4.20235832857176
1,30.48,1109,1,339.41,100.07,3.955,2,1,6.86809390088444
2,24.21,1030.7,2,157.47,78.33,3.117,2,1,5.73339605137564
1,25.86,1220.7,1,152.8,155.54,3.574,2,1,6.55461477414627
3,17.17,967.4,1,198.26,210.42,3.354,3,1,6.65686489245002
1,21.89,1400.9,1,91.65,121.81,3.512,3,1,6.04951541054936
3,30.33,1547.4,1,97.57,90.91,3.751,3,1,5.82558820138194
1,26.25,2091.6,1,80,197.23,3.674,3,1,7.50491969749879
2,27.74,419.3,2,183.99,84.61,4.042,2,1,5.07914186146981
1,16.77,1703.6,2,213.25,124.38,3.815,2,2,8.01230291301131
1,19.37,1257.2,1,168.04,131.71,3.509,3,1,6.64903264655474
1,18.41,929.2,2,223.62,203.28,2.772,2,1,6.91958523177687
1,25.37,1268.3,1,208.07,62.43,3.481,1,1,6.08166988976297
2,19.06,1090.3,1,180.78,175.59,3.73,2,1,6.33659697248842
1,26.37,1309.5,1,274.2,88.14,3.414,3,3,7.00112042664261
3,16.3,1039.1,1,180.45,116.91,3.938,3,1,6.19373567160704
3,33.97,1086.7,1,171.47,136.76,3.559,1,2,5.13306288962972
1,25.76,994.5,1,154,135.47,3.461,3,2,5.09572148975415
1,18.79,1313.1,1,114.33,127.71,3.221,1,3,5.85590658159973
1,24.45,1188.9,1,136.41,87.94,2.931,2,1,6.25754673386772
1,20.89,1106.2,2,87.98,159.19,3.116,2,2,6.16745638634286
1,25.23,1008.2,1,147.03,156.46,3.855,2,2,6.06773897313327
2,26.46,982.3,1,202.5,109.42,3.76,1,1,6.02926918305795
2,18.92,760.4,1,112.89,175.78,3.693,2,1,5.4807066748559
1,18.25,1091.2,1,150.88,263.12,3.308,1,1,6.70690847757675
2,26.8,768.4,1,178.76,157.63,3.588,3,3,5.14550793001238
1,32.83,1882.8,1,82.6,195.01,3.385,2,2,7.45208821862381
1,29.51,638.1,2,129.46,166.09,3.87,3,2,5.64398104185397
1,19.25,727.5,1,141.8,196.13,3.819,1,3,5.02985343632556
3,27.96,1413.8,1,257.35,167.09,3.443,1,1,6.97084389992869
1,22.71,1338.8,1,320.59,121.11,3.121,1,3,6.96068842772976
1,24.81,704.6,2,72.47,158.39,4.401,1,2,5.29381273636118
3,24.56,1288.5,1,206.83,188.38,3.61,1,1,6.86674782114889
1,38.45,638.6,1,112,94.07,3.587,3,1,4.05738200984276
3,15.89,1657.3,1,222.57,150.23,3.447,1,1,7.68438417353586
1,23.61,900.3,1,141.52,230.95,3.687,3,1,6.0256013141395
1,12.32,459.5,1,213.04,102.02,3.649,2,1,5.0081481558661
1,26.54,493.5,2,98.29,134.98,3.658,3,1,4.65800643305926
1,29.58,1210.5,1,323.25,128.13,3.545,1,1,6.46678482039244
2,33.67,1102.6,1,176.53,244.18,3.157,3,2,5.31184250176034
1,11.45,830.4,1,43.25,93.89,2.904,2,3,4.88119989450527
1,25.48,1004.7,1,189.87,143.86,3.644,3,1,6.06149816846147
1,32.56,1790.9,2,465.06,121.02,3.177,3,1,9.44787026771962
1,20.52,1083.9,1,333.49,102.5,3.839,1,2,6.42653492280714
3,21.73,715.4,1,342.35,356.88,3.231,1,1,6.46717294903205
1,22.78,1344.4,1,108.42,157.72,3.047,3,1,5.95382336903433
1,25.19,1657.1,2,240.67,218.7,3.52,3,2,8.53439482613564
2,28.99,929.7,1,399.4,172.64,3.653,2,1,6.69171886661998
3,30.91,1007.9,1,199.33,205.08,3.725,1,1,6.33546742738833
1,22.43,1247,1,129.33,337.36,3.634,1,2,6.3501331615006
1,24.18,1094.9,1,229.03,139.69,3.544,2,3,6.33227876517454
1,37.93,1101.9,2,254.95,204.8,3.413,2,1,6.89166612540528
2,27.59,1351.8,1,120.9,245.08,3.389,2,1,6.9389191615148
2,26.13,627.4,1,227.91,247.3,3.992,3,3,5.79235635002797
1,14.95,1614.8,1,121.44,468.67,3.494,3,1,7.22513566690738
1,23.02,1336.9,1,279.95,154.41,3.386,3,2,7.40832798048411
2,23.67,430.5,2,202.97,139.58,3.518,1,2,4.91970161076347
1,22.93,952.8,1,202.21,152.27,3.201,1,2,5.66300123550545
3,19.55,2391.9,1,179.87,218.56,3.368,1,1,9.08004208918375
1,18.88,1240.7,1,86.07,210.48,3.703,3,1,6.61983109784872
1,18.68,906.6,1,250.12,156.03,3.122,2,3,6.42036963765531
1,21.71,1220,1,351.66,167.27,3.184,3,3,7.46443086465759
1,31.21,753.9,1,150.11,209.67,3.695,1,3,5.04446010984117
1,29.29,498.3,1,169.94,68.12,3.826,3,1,4.3447181727203
1,20.84,1351.5,1,161.04,243.17,3.076,1,1,6.3324051541452
3,12.88,1256.9,1,150.21,90.08,3.738,2,3,6.5350462377216
1,17.93,1114.5,1,125.97,150.1,3.695,1,2,5.92580879364917
2,22.25,1569.8,1,278.76,294.55,3.522,3,1,8.11364213314714
3,23.62,710.6,1,205.84,150.74,3.406,2,1,5.76519842545236
3,19.02,1260.8,1,197.9,100.68,3.412,1,2,6.47419445669052
1,35.04,968.7,1,227.93,113.22,4.018,3,3,5.55452647725001
1,21.37,2011.9,2,140.37,132.78,3.842,3,2,8.47764986284214
3,15.72,1665.5,1,84.19,86.72,3.788,2,1,7.16513402593605
1,22.15,704.8,2,342.34,134.45,3.474,2,2,6.58159025595963
1,16.97,713.9,1,108.58,131.08,3.721,2,1,5.61426911159469
1,23.94,688.9,1,165.99,123.36,3.698,2,2,5.25328997997988
1,24.4,1078.5,1,296.92,161.46,3.675,2,3,6.45504202486016
1,25.13,663.4,1,148.11,131.74,3.215,3,2,4.85514848203907
2,15.27,402.4,1,360.21,110.31,3.326,2,1,6.05526362376933
3,24.32,884.5,1,58.45,110.04,2.936,1,3,4.82045172964148
3,24.86,1489,1,164.1,106.22,3.124,1,1,6.34556984230217
1,14.47,520.1,1,252.44,106.1,4.296,1,1,5.95541657697837
1,28.73,1098.1,1,205.42,107.99,3.55,2,3,5.89263271713931
2,29.71,866.8,1,176.2,100.4,3.376,1,1,5.30872721561256
1,36.8,1014.3,1,243.11,91.47,3.553,1,3,5.56156126689118
1,23.94,1056.7,1,203.19,152.89,3.005,1,3,5.72122060507776
1,23.28,1409.6,1,175.5,140.04,3.24,1,2,6.62285436689226
1,23.58,499.8,1,76.69,246.52,4.126,2,1,5.01304665462632
1,23.42,922.3,1,248.25,87.6,3.534,2,2,6.48337471534852
1,11.91,1132.5,1,207.38,183.94,3.578,1,1,7.03806788706055
3,12.97,853.6,1,156.68,102.13,3.875,1,1,5.94037004342721
1,22.53,967.3,1,77.24,158.61,2.996,3,3,5.70016863889716
3,19.51,884.1,1,181.66,59.82,3.764,1,2,5.80380897159841
1,23.33,1118.1,2,139.57,94.63,3.608,3,1,6.08359939925343
3,10.33,1795.2,1,192.93,238.76,3.173,2,3,8.09084949392573
1,14.01,742.4,2,139.57,201.54,3.214,1,3,5.95293223853967
3,16.39,1892,1,298.46,140.37,3.181,1,1,8.34564535398047
3,28.92,1087.3,1,104.81,130.58,3.329,3,1,4.81852172337262
1,16.41,1057.9,2,122.6,107.66,3.722,3,1,6.53164623505764
3,18.2,1133.2,1,372.57,130.42,3.555,2,2,7.40424030301485
1,23.48,576.4,1,88.08,99.55,2.934,3,1,4.06683096895105
1,21.06,1349.6,1,102.86,104.13,3.992,3,3,6.09792264597601
3,23.88,1624.7,1,258.38,297,3.41,2,2,7.7487055983052
1,36.83,1535.6,1,162.87,195.32,3.324,2,1,6.95576526508383
3,16.25,949.8,1,98.3,436.11,3.399,3,2,6.04993464517993
1,21.17,1615.7,1,263.82,203.51,3.995,3,1,8.4921685754744
3,19.9,1241,1,163.25,124.99,3.546,2,1,6.71368633032547
2,34.07,849.1,1,110.24,159.82,2.964,2,2,5.88699005409501
1,18.38,862,1,180.3,150.98,3.556,3,1,5.85423235496198
1,22.51,1438.6,1,113.75,238.87,4.345,3,1,6.69430712362347
3,27.72,1116.1,1,108.26,117.13,3.873,3,1,5.52842466287914
1,16.65,951.5,1,180.63,327.46,3.377,1,3,6.70927858828671
3,32.93,1132.1,1,192.45,98.79,3.272,3,2,5.49524169975465
2,29.05,1069.8,1,170.2,126.88,3.58,2,1,6.12864193544067
1,16.55,415.8,1,178.56,128.56,3.467,1,2,4.60653409447227
1,25.73,1257.1,1,128.03,123.33,3.453,2,2,6.10815956094962
3,21.72,1418.7,1,285.98,299.27,2.93,2,1,7.3117467859779
1,24.88,1119.4,1,161.91,101.83,3.734,2,2,6.04548237682302
2,24.46,1041.3,1,79.7,175.22,3.536,3,1,5.04945665878884
1,29.42,1019.4,1,188.22,65.3,3.666,1,1,5.22460844783671
1,14.89,883.3,1,147.55,83.66,3.441,1,2,5.76192542239369
3,19.86,1297.7,1,192.14,195.78,3.628,2,2,6.68217542499917
3,21.5,750.4,1,175.17,86.35,3.593,1,1,5.66004155246366
1,17.03,1032.1,1,103.57,137.59,3.469,1,1,5.74411434807196
1,16.76,2937.3,1,101.19,91.71,3.64,3,1,9.03702846338772
1,22.89,1723.6,1,116.39,115.21,3.876,2,3,7.14868656061836
1,22.21,1259.4,2,258.53,86.11,3.379,3,3,7.67398490384116
1,7.7,733.3,1,199.74,132.62,4.095,2,1,6.05920569163574
1,29.24,1011.3,1,339.98,142.15,3.788,1,2,6.53563619521042
1,24.5,678.1,1,150.17,114.9,3.359,2,1,4.6983421119736
1,37.5,898,1,189.2,56.64,3.955,3,1,4.96319241816631
2,29.11,716.6,1,252.28,112.37,3.819,3,3,6.41840243274139
1,20.32,1223.5,1,283.26,54.35,4.05,3,1,7.01792671735241
1,39.78,657.4,1,172.01,96.22,3.272,2,2,4.67941659185556
1,39.99,1033.2,1,245.27,163.06,3.621,3,1,5.82525171509144
2,17.69,771.5,1,177.89,105,3.477,1,2,5.51250088017618
1,25.81,1054.6,1,203.24,80.51,3.334,3,1,5.50534957207397
3,21.73,888,1,111.25,190.37,3.783,1,3,5.63364115827676
1,24.12,889.2,1,157.91,71.29,3.243,3,1,4.99348124650218
1,24.37,995.2,1,180.65,87.2,3.663,1,2,6.19842609571176
3,15.43,1031.4,2,187.91,158.2,3.163,1,3,6.02788598500795
1,24.71,1393.9,1,105.36,59.24,3.391,1,1,6.02584434908591
3,33.5,1092.2,1,223.48,176.64,3.887,3,1,5.79765251493574
1,22.02,1120.1,1,194.55,154.46,2.943,3,3,5.68748340436645
1,22.02,1456.1,2,184.98,189.08,3.444,3,1,7.22488921088276
1,31.39,1183.5,1,108.86,212.3,3.12,2,1,5.95735570753759
1,28.39,1421.2,1,229.18,76.29,3.403,3,3,6.78146024412488
1,13.11,827.3,1,149.09,127.53,3.274,3,3,4.95899680958714
3,24.37,1620.7,1,162.28,59.41,3.708,2,1,7.01078353101788
2,34.92,1101.4,1,126.9,224.01,3.49,1,1,5.57106863380609
1,31.49,1349,1,229.44,267.93,3.182,1,3,6.35006541583944
2,27.52,728.9,1,109.05,246.85,3.742,1,1,4.90811327248498
1,27.33,1419.3,1,162.48,134.25,3.383,2,1,6.66183182099135
2,17.82,737.1,1,117.4,125.85,3.168,2,1,5.05098605759293
3,24.8,1451.7,1,95.74,121.06,3.561,1,1,5.9812222915965
1,17.27,888.6,1,149.26,211.74,3.131,2,1,6.17121199507267
3,20.25,1010.2,1,71.04,103.3,3.426,3,1,4.66824289381932
1,28.61,924.1,1,124.76,93.01,3.417,2,3,5.48836222913554
3,16.18,1731.6,1,152.85,164.49,3.125,2,1,7.73838925970733
1,24.6,940,1,145.08,92.91,3.601,3,1,5.50289172651331
3,25.57,638.1,1,167.95,126.12,3.479,2,1,5.34253685897098
1,23.33,1290.1,1,110.16,185.31,3.52,2,1,6.78383800964299
1,33.93,2031.9,1,150.35,305.65,3.943,1,2,7.62208170893411
3,16.87,966.1,1,76.64,89.04,3.826,1,3,5.2896444455918
1,26.64,1049,1,219.86,91.23,2.974,2,1,6.06669333523091
3,22.47,1382.8,1,273.99,103.58,2.965,3,1,6.86125845222157
1,21.44,1243.4,1,143.72,320.18,2.994,3,1,6.80359253364493
3,25.78,952.3,1,227.69,177.69,3.449,1,1,5.95076189517364
2,18.88,751,1,165.03,163.3,3.535,2,1,6.25590804095281
1,15.12,657.2,1,115.31,93.67,3.231,3,1,4.97678784733974
2,22.03,970.4,1,154.9,74.81,3.154,3,1,4.9761082219892
3,33.51,1322.9,1,130.59,174.03,3.452,2,1,6.79390432881704
1,23.33,809.3,2,73.34,321.35,3.509,1,1,5.66450838385412
1,24.99,429.6,2,177.6,104.08,2.671,1,1,3.84361366002227
1,21.86,878.8,1,199.16,104.27,3.779,3,1,5.70289447214307
1,25.82,675.2,2,109.67,229.08,4.019,3,1,5.46426379978633
2,19.29,887.4,1,132.31,310.03,3.605,1,1,6.07811201756736
1,29.95,1325.2,1,100.35,50.32,2.695,3,1,5.76905754993867
1,26.51,637.7,1,92.31,136.38,3.412,1,2,4.42483335593348
3,18.16,1061.6,1,101.86,138.35,3.33,2,1,5.75791956839471
1,23.33,866.6,1,159.5,178.84,3.177,1,3,5.13354083721771
1,27.3,1096.5,1,153.73,173.67,3.887,2,1,5.90281044346247
1,26.35,1617.9,1,119.55,115.54,3.065,1,1,6.29030333686273
1,31.89,805,1,134.05,285.73,3.281,2,1,5.78439892283528
2,21.32,856.3,1,159.88,70.71,3.684,1,1,4.98173306828406
3,29.7,764.8,1,198.41,129.81,2.882,1,1,5.11132231295644
1,29.22,481.1,1,150.27,124,3.381,3,1,4.16222381950605
3,22.03,1583,1,137.77,53.94,3.458,1,2,6.50262683602276
3,17.14,1416.6,1,108.58,500,3.257,3,1,7.17449181777293
1,16.47,1466.9,1,200.29,225.82,3.46,3,1,7.27327039501843
3,25.75,981.3,1,120.29,214.99,3.684,3,2,5.46202175063783
1,22.57,938.5,2,92.1,140.24,3.416,1,1,4.80411926825268
2,35.67,610.3,1,304.34,173.6,3.395,3,3,5.72832665526162
1,26.21,752.7,1,110.62,97.65,3.539,2,2,5.27585450234254
2,22.77,1005.2,1,174.1,76.52,3.815,2,1,5.4588628099525
1,16.85,897.2,1,245.27,244.63,3.554,2,3,6.30698388947067
1,19.51,1182.6,1,199.8,185.01,3.143,2,2,6.37334558427939
2,27.06,1156.9,2,135.21,144.7,4.13,3,2,6.32766272846755
3,20.29,1395.9,1,322.28,143.09,3.635,2,1,7.29824416334389
1,26.09,1227.4,1,126.81,119.56,3.74,3,1,6.34553062816232
1,20.99,1133.4,1,88.29,191.3,3.565,2,2,6.19748514803428
1,22.37,867.6,2,216.63,144.41,3.643,1,1,5.9397888834289
1,18.62,1322.9,1,219.92,120.99,3.279,3,1,7.43330771741606
2,36.43,1266.2,1,237.04,175.94,3.108,2,1,6.34174487082382
3,25,760.2,1,112.4,111.73,3.848,3,2,4.82378832479021
2,26.38,651.8,1,138,150.65,3.316,2,3,5.73519447568401
1,12.85,1132.9,1,491.1,184.09,3.552,2,1,7.40361685644381
2,28.96,923.7,1,148.47,148.21,3.766,1,2,5.73256328258316
1,16.86,1290.1,2,250.05,67.87,3.282,2,1,7.76322267810809
1,17.65,674,1,157.39,131.73,3.682,3,1,5.60426150120922
3,28.51,1344.2,1,133.28,134.98,3.335,1,1,6.11082724323507
2,22.28,1138.6,1,65.05,112.03,3.335,2,1,5.99719577539029
1,12.51,1156.5,1,101.57,156.57,3.345,2,3,5.63612129260989
1,33.62,724.9,1,80.04,186.26,3.836,3,1,4.20435202477348
1,8.74,675,1,100.13,220.74,3.914,1,1,5.82857488590768
2,28.44,874.4,1,210.74,118.28,3.889,2,2,5.51223793200552
1,29.1,411.8,2,223.89,116.15,3.623,2,1,5.39001393504122
1,19.21,709.1,1,160.81,87.59,2.831,1,1,4.75181944353293
2,27.67,698.3,1,121.9,207.53,3.641,1,1,5.32831596037658
1,25.63,766,1,201.45,154.19,4.057,1,2,5.57826149334591
1,29.24,724.6,1,107.48,93.65,3.516,3,2,4.49659152791754
2,27.9,864.4,2,153,196.78,2.901,2,1,6.15712956094546
1,21.53,944.1,1,151.12,96.91,3.849,1,1,5.58815950401761
1,28.5,1547.8,1,341.37,169.59,3.643,1,1,7.51643747264104
3,27.8,1841.2,1,242.28,263.19,3.36,2,2,8.06474434090621
1,17.38,805.6,2,115.58,129.82,3.103,2,1,5.34814135463654
1,14.6,1265.3,1,215.51,202.2,3.448,3,1,7.32164441921796
1,23.96,1269.6,2,119.02,107.88,3.659,3,2,6.43778620556562
3,21.36,537.3,1,147.25,202.65,3.055,3,1,5.1283389205287
1,17.09,1713.7,1,213.02,151.15,3.484,3,1,7.56206354231191
3,23.5,1314.6,1,59.8,92.69,3.693,1,1,6.43921974161207
1,15.08,1042.8,1,187.03,124.3,3.251,3,1,6.21641011740855
1,23.97,1445.8,1,131.24,225.52,3.748,3,1,6.74149302948113
3,19.25,666.2,1,123.71,96.51,3.565,1,2,4.897514085498
1,28.74,914.4,1,76.17,123.13,3.597,3,1,4.61751714235375
1,37.55,460.1,2,173.34,96.6,3.471,2,1,4.65724402211554
2,19.5,1006,1,110.68,160.54,2.988,2,3,5.14620065401567
1,29.35,945.1,1,334.14,168.04,3.956,1,3,6.40485791907607
3,27.95,607.3,1,186.16,139.73,3.445,3,1,4.73787874210573
2,24.58,687.9,2,109.63,115.78,4.1,1,2,5.18410556555052
3,20.28,933.9,1,197.78,58.57,3.373,1,3,5.6424960352692
2,34.45,1505.3,1,169.23,122.28,3.437,1,1,6.47662912131298
1,10.97,851.5,1,263.47,226.51,3.875,3,2,6.72232554329501
2,21.14,1409.7,1,280.36,98.41,4.009,1,1,7.54306050736781
2,16.38,802.5,1,106.33,321.89,3.301,2,1,5.48915912029824
3,31.37,1504,1,192.44,179.82,3.392,3,1,6.92078999931553
1,21.86,608.9,1,112.4,122.31,3.355,3,3,4.58981407958967
1,19.85,1395.6,2,176.74,268.33,3.763,1,1,7.60899679615493
1,42,1066.5,1,251.88,241.35,3.616,2,1,6.47732975458197
1,22.7,910.5,1,275,119.11,3.337,1,1,5.54867347134328
2,22.34,1232.8,1,105.79,178.66,3.209,3,1,6.37809470743204
1,24.8,686.3,1,127.83,225.72,3.519,1,3,5.26647839858293
1,13.59,512.2,1,74.43,92.54,3.478,1,3,4.30549881800554
3,25.94,1375.5,1,220.49,156.33,3.791,2,1,7.39562732275174
3,22.42,1528.2,1,222.58,132.38,3.105,3,1,6.53794438149169
1,25.81,1140.5,1,213.62,90.78,3.656,1,1,6.09520660615464
3,17.11,750.3,1,185.87,326.9,3.795,3,1,5.83053692734972
1,16.86,1425.8,1,187.72,142.6,3.67,2,2,6.83433987688603
1,18.84,922.2,1,137.28,114.17,3.211,3,1,5.06617917999848
2,20.39,1131.2,1,119.97,185.61,3.127,1,1,5.65460728810243
3,30.79,1708.8,1,143.02,236.09,3.824,1,2,7.72668121152217
3,32.47,1296.5,1,439.64,195.75,4.101,1,2,7.68679544085718
1,22.06,988.7,1,185.71,225.14,3.138,2,3,5.90724554751458
1,20.85,1401.4,2,143.06,36.47,3.644,3,1,6.48912120164616
3,21.03,1304.1,1,187.35,142.37,3.209,2,3,6.73103950729231
2,25.42,991.3,1,136.43,122.64,3.228,2,1,5.57102729749551
1,23.58,603.7,1,284.87,98.1,3.706,2,1,5.19448334541018
1,24.74,947.8,1,236.32,208.32,3.18,2,1,6.73365700942889
3,18.52,906,1,71.39,111.75,3.187,3,3,5.15667959301472
3,17.92,938.5,1,128.13,96.78,3.805,1,3,5.53242249272056
1,30.18,1863.7,1,89.57,139.85,3.38,3,1,6.69317281874544
1,19.71,1519.2,1,164.61,143.87,3.46,2,1,7.09415000857617
3,24.82,989.6,1,163.24,283.88,3.487,3,1,6.44966309107424
3,22.66,862.3,1,232.5,95.01,3.299,1,3,5.47743093648882
2,19.25,1085.6,1,100.16,237.45,3.697,3,1,5.48141161832168
1,26.55,979.7,1,96.22,158.06,3.472,2,1,5.28144095010053
1,24.04,427.3,1,146.43,95.88,3.455,2,1,4.59679546829098
3,31.4,827.8,1,83.07,181.84,3.711,3,1,4.33695270468465
2,25.7,591.8,1,236.17,126.78,3.512,2,1,5.65617682864456
2,23.01,1580.5,1,136.99,183.25,3.661,3,1,6.71759219318907
1,24.67,1325.2,1,92,236.05,3.087,3,2,6.07118007467948
1,15.89,976.6,1,140.64,218.05,3.494,3,1,6.18885189625805
1,17.98,890.4,1,220.12,208.52,3.408,3,1,6.05450171423105
3,26.06,1919.5,1,280.02,84.42,3.667,2,3,7.97447415310671
3,21,948.7,1,292.16,67.39,3.544,3,1,6.08384849517501
1,22.6,1512.3,1,194.4,169.7,3.553,1,1,7.40730697971537
3,22.31,1775.6,1,196.5,77.34,3.509,2,2,7.64218026192883
1,19.1,1064.5,1,211.11,120.25,2.991,1,1,6.02291891621359
1,10.89,1180.2,1,389.24,189.98,3.771,1,3,7.84923909661352
2,27.09,1746.2,1,104.31,290,3.431,2,1,7.81375412081789
1,27.57,1257.2,1,201.7,167.62,3.413,3,1,6.66518810284705
3,15.27,1107.7,1,141.13,123.84,3.269,2,1,6.32907723588104
1,31.89,935.9,1,276.92,216.44,3.555,3,1,6.37077541589404
1,25.31,498,1,347.87,69.76,3.874,3,2,5.72791680504841
1,31.05,1200.7,1,75.96,106.53,3.443,3,3,5.3423044785704
1,17.26,1346.3,1,81.52,90.31,3.64,1,1,6.25278852645285
1,24,1923.3,1,130.5,143.13,3.114,1,1,7.18366048564063
1,22.4,1319.6,1,162.04,107.32,3.238,2,1,6.69318839768757
1,27.61,553.6,1,120.01,86.31,3.299,1,1,4.29573356325691
3,19.54,1213.5,1,142.22,89.7,3.797,3,2,5.54938593999801
1,22.94,1259.9,1,122.14,110.99,3.552,3,1,6.19297150051486
1,12.33,572.8,1,396.49,125.96,3.495,2,1,6.22081991765942
1,18.33,838.2,2,114.23,194.92,3.363,2,1,5.78863560613952
3,23.75,1276.4,1,149.11,119.13,3.058,1,2,6.15509713321904
3,18.76,1503.6,1,151.86,192.27,3.66,1,1,7.59162002922402
3,22.74,575.7,1,276.4,265.61,3.778,2,1,6.39515294602413
2,22.19,1057,1,130.94,127.63,3.419,2,1,6.09566861146671
2,28.64,1012.4,1,95.84,177.05,3.331,1,1,5.37646074614737
1,30.01,746.5,1,265.89,143.1,3.25,2,2,5.83511671035576
1,18.06,786.8,1,292.25,167.53,3.229,3,3,6.412332515639
1,21.16,908.7,1,78.23,208.1,3.707,1,1,5.77135793343238
1,31.64,993.9,2,145.52,361.25,4.162,2,1,7.26177928432024
1,9.81,1609,1,157.68,111.4,3.064,2,1,7.29903016248647
1,21.08,1587.2,1,161.64,217.13,3.869,3,3,7.54134854254489
3,35.39,1549.8,1,137.23,80.43,3.457,3,3,6.13263271128158
1,36.16,841.8,1,113.27,130.93,3.356,3,3,4.61378418454949
1,23.94,624.9,1,259.33,79.51,3.512,1,3,4.81409928061406
1,17.82,866,1,143.6,240.44,3.471,1,1,6.52468806758026
1,23.99,964,1,162.54,111.06,3.477,1,1,5.42471666798637
1,19.08,1893.6,1,119.46,111.63,4.28,3,2,7.57660998190346
1,31.72,609.6,1,244.55,115.41,3.545,2,2,5.59390619515035
1,18.16,733.1,1,127.76,226.59,3.805,2,3,5.65554316700601
1,25.24,1048.7,1,182.41,55.49,3.231,1,1,5.69434058148556
3,26.72,629.2,1,253.29,191.76,3.183,1,1,5.25929874453966
1,18.45,601.5,1,138.6,91.42,3.359,3,2,4.80954067143353
1,28.11,669.4,1,77.11,123.4,4.003,2,1,5.18255442200199
2,20.51,1050,1,167.41,124.39,3.643,1,1,6.18727512015443
1,26.78,897.4,1,96.05,224.44,3.647,1,3,4.87980306240288
3,29.58,1243.9,1,329.33,120.54,3.361,1,1,5.78659376213451
1,17.07,702.4,1,221.58,205.13,3.459,2,1,6.55710208059383
1,29.65,939,1,152.06,127.09,3.532,3,1,4.69677250129693
1,20.06,1036.6,1,152.73,133,3.042,3,1,5.09813216520325
1,24.77,1268.2,1,216.42,105.78,3.779,2,3,7.16582560138082
3,24.21,737.5,1,292.61,169.03,3.071,2,1,5.97570818383506
1,20.44,605.9,1,174.57,197.52,3.777,2,1,5.88633312226122
3,24.61,1097.9,1,227.14,142.01,3.554,2,1,6.49283069786582
3,15.62,2592.4,1,172.25,123.86,2.974,2,1,8.93635470356122
1,22.18,1047,1,287.82,88.97,3.898,3,2,6.79888553503651
1,27.95,1034.9,1,438.59,58.59,3.45,2,3,6.98253902642712
1,9.96,988,1,105.26,116.48,3.742,3,1,5.57661865856729
1,14.07,1214.6,1,97.82,80.57,3.801,2,2,5.86042790685368
2,18.03,332.7,1,64.87,225.11,3.931,2,2,4.62851330531363
1,13.47,627.2,1,186.13,77.01,3.73,3,1,5.12549946433008
1,25.52,936.5,1,121.24,234.73,3.528,3,1,5.67891223552812
3,17.04,1721.4,1,263.17,212.26,3.203,2,2,8.09593620277628
3,10.01,1074.9,1,70.71,102.84,3.801,3,1,5.43127824455009
2,21.17,464.3,1,178.96,69.76,3.538,1,1,4.37562639016185
3,20.66,1789.1,1,195.65,104.71,3.872,3,2,7.29081037165601
3,28.14,879.2,1,88.86,217.85,3.381,1,1,5.29402321649567
3,16.38,1279.1,1,65.59,123.68,3.486,3,1,5.4574952807651
3,29.97,1827.4,1,184.71,84.69,3.399,1,3,7.2128200113401
3,25.39,1038,1,86.34,79.33,3.386,2,1,5.90212568061248
1,25.17,936.5,1,102.81,238.46,3.165,2,2,6.00890236398318
1,17.88,1257.9,1,130.76,183.47,3.459,1,1,6.60053967982205
2,36.72,858.9,1,212.49,158.55,3.298,1,1,4.85366994970564
3,22.01,1372.3,1,90.7,176.55,3.992,1,1,6.38073774357654
2,14.05,900,1,110.66,295.21,3.141,3,2,6.30573119349598
1,21.78,830.6,1,86.75,130.89,3.447,1,1,5.28882481179437
1,11.39,1434.4,1,142.93,166.11,3.554,3,1,7.06972589993266
3,21.14,595.8,1,114.92,161.5,3.389,3,1,4.775256838253
2,22.47,965.5,1,309.75,138.08,3.235,2,3,6.27991292010269
1,27.09,1285.1,1,175.18,121.94,3.534,3,3,6.06554312704893
1,29.06,1390.2,1,370.07,123.19,3.474,1,1,7.0468462815426
2,20.64,1237.6,2,141.22,131.21,3.555,1,1,6.73946734434996
1,27.84,896.1,1,226.23,121.76,3.753,3,1,5.52221867579278
1,31.55,1881.4,2,155.24,93.14,3.869,3,2,7.21970805442107
1,18.3,497.6,1,130.1,172.34,3.673,2,2,4.8549723713959
1,19.09,636,1,310.01,166.85,3.643,2,1,6.13098681745401
1,26.9,869.8,2,291.33,102.03,3.447,3,3,6.53461992007318
3,24.1,917.1,1,131.24,105.76,3.301,1,1,5.02582366526162
1,26.29,1549.8,2,94.3,159.39,3.615,1,1,6.59432937378062
3,31.43,969,1,178.03,183.55,3.208,3,1,5.1992166841146
2,27.32,978.9,1,347.09,223.27,3.396,3,2,7.24530857519828
1,29.31,846.2,2,262.31,202.33,3.815,2,3,6.62077722983354
1,26.74,1891.1,1,67.23,308.61,3.522,3,1,7.41876793297844
1,25.6,1642.1,1,66.79,79.86,3.356,2,2,6.39387500732643
1,25.32,929.5,2,177.31,162.38,3.306,1,3,6.1718153281205
1,30.75,1315.9,1,257.24,348.67,3.665,3,1,7.29526431117999
1,16.99,738.5,1,153.78,308.21,3.812,2,3,6.15379988782532
1,16.37,1055.3,1,128.2,109.04,3.662,2,1,6.02162077288155
2,28.55,742.2,1,324.7,151.39,3.768,3,1,6.28155861158358
1,22.28,998.4,1,371.67,159.81,3.689,2,2,6.7232177663442
1,23.44,1298.9,1,173.98,137.99,3.477,1,1,6.12216996367912
1,27.45,1615.3,1,151.48,90.3,3.491,3,2,6.47109453799152
1,27.52,936.3,1,186.1,112.67,3.344,2,1,5.48810952365376
1,21.42,759.5,1,142.83,228.16,3.942,1,3,5.8295410151003
1,21.12,777.1,1,113.38,336.4,3.161,1,1,5.29593690306461
1,23.44,1161.8,1,84.18,154.96,3.674,1,1,5.64141326680058
1,29.38,571.9,2,136.12,78.27,3.566,2,1,5.31912796493851
1,25.56,1319,1,218.19,34.69,3.401,2,1,6.65710905286946
1,31.6,844.3,1,368.69,142.04,3.674,3,1,6.50482122168589
3,22.95,2106.8,1,159.49,112.91,3.483,2,1,8.46617887899152
3,29.75,2176.1,1,222.99,94.28,3.727,3,3,8.32770219829574
2,30.3,775.8,2,221.78,64.16,3.503,2,3,5.96626330295188
3,26.67,2173.2,1,201.52,242.09,3.548,2,2,9.15240053122773
3,25.49,1426.4,1,164.56,106.26,3.619,2,1,6.64010180403921
3,21.32,1337.6,1,167.6,90.02,3.779,3,2,6.17616253896502
1,22.35,837.3,1,195.61,205.44,3.517,1,1,6.30791151613236
1,24.38,1311,1,150.44,188.58,3.26,3,3,6.85275046624523
1,23.29,1151,1,105.29,158.26,3.195,2,2,5.72603731533972
1,28.66,754.1,1,122.15,123.4,3.223,1,1,4.74953910764617
3,22.34,1509,1,262.84,121.38,3.734,2,3,7.88551015394509
3,22.58,1462.6,1,135.9,158.24,3.642,2,1,6.97459859896755
1,20.09,1524.2,1,148.59,113.05,3.238,2,1,7.1384666653077
3,22.17,2138.8,1,322.82,107.04,3.429,1,1,8.15569619130519
1,22.59,787.6,1,206.35,261.18,3.457,1,1,5.67712465805595
3,9.12,1089.7,1,124.58,84.67,3.928,3,2,6.2706749394641
3,14.81,968.5,1,292.39,87.11,4.081,3,3,6.93162281844824
1,22.57,2088.5,1,182.71,85.53,4.022,2,1,8.09924586846778
1,21.41,575.4,1,186.48,104.94,3.594,1,1,5.01915447957298
1,15.79,707,1,232.33,175.19,3.924,2,1,5.67123604916527
1,11.05,1386.7,1,163.99,118.89,3.326,3,1,7.13890165962689
2,22.87,700.7,1,161.16,100.71,3.966,1,2,4.89140251395507
2,28.92,388.1,1,187.53,116.93,3.405,3,3,4.42512535340703
1,33.64,1039.3,1,142.21,165.54,3.174,2,3,5.77685666796786
1,22.77,1019.8,1,138.35,106.44,2.84,1,1,5.6127277687487
1,31.96,1415.8,1,245.54,222.54,3.721,3,1,7.05832439702995
3,23.5,519.8,1,223.36,108.45,3.089,1,2,5.26371353808104
1,23.69,1450.1,2,168.92,118.11,3.345,2,1,7.51810971862721
1,24.95,325.1,1,252.53,157.12,3.488,3,1,5.24818069652002
1,17.78,963.2,1,81.58,93.54,3.709,2,1,5.70056409222042
1,22.69,889.1,1,84.46,95.9,3.713,3,1,4.94647724939836
1,28.45,993.5,1,155.1,167.13,3.361,3,1,4.97746462303239
1,18.5,1557.9,1,151.09,62.49,3.492,3,1,6.61466421531215
1,21.07,1219.8,1,252.6,75.63,3.33,3,1,6.43925258856099
1,16.11,1203.3,1,138.23,206.03,3.615,1,2,6.66711221169089
1,25.13,390,2,87.48,143.5,3.495,3,1,4.51445836258471
1,25.55,1332.6,1,180.63,103,3.739,3,1,6.34993590286568
2,28.89,735.2,1,111.64,157.95,3.215,2,1,5.34118614323661
1,15.68,684.6,1,242.83,249.76,3.049,1,3,6.27020678125513
1,23.64,1319.5,1,88.58,193.77,4.029,1,1,6.30170044357956
3,17.34,1865.5,1,69.87,153.14,3.133,3,1,6.78151522105041
3,23,748.8,1,151.48,158.26,3.462,1,3,5.6495277819982
1,31.06,864.5,1,120.59,132.17,3.019,1,1,4.99982765931964
3,19.98,1523.5,1,374.56,87.91,3.605,1,2,7.38127910648249
1,27.3,1094.8,1,110.98,183.61,3.389,1,3,5.59894222362232
2,20.5,1253.3,1,153.75,128.42,3.141,2,1,6.82961808674061
3,20.13,1162.3,1,187.71,72.84,3.137,2,3,5.91617577375274
1,25.63,1466.8,2,224.86,104.11,3.325,2,3,7.05171926477603
1,18.93,886.5,2,134.33,114.58,3.562,3,2,5.76457888186362
1,12.78,765.6,1,306.19,186.92,3.435,2,1,6.87984948793133
1,30.59,1348.5,1,106.84,224.17,3.214,2,1,6.36673200191866
1,25.16,795.9,1,237.6,84.28,3.442,2,1,5.68478112704478
3,19.5,1685.9,1,196.95,177.33,3.256,2,1,7.48621947008908
1,11.04,790.8,2,103.5,151.43,3.3,1,1,5.52698419605963
3,34.41,962,1,160.49,100.47,2.991,2,2,5.67991015781686
2,42,929.1,1,303.17,98.41,3.296,2,3,6.12408198841848
3,24.24,1008.9,1,124.81,79.06,3.166,3,1,5.49832910793671
1,28.1,1231.5,1,124.3,200.93,3.662,2,3,6.06878149079307
1,30.35,1217.2,1,258.79,167.73,4.132,2,1,7.56374076495031
1,18.79,1174.9,2,137.49,85.75,3.788,2,1,6.20992184977366
1,20.89,803.9,1,153.71,115.9,3.363,2,1,5.30742345780379
3,12.64,892.4,1,237.41,85.89,3.747,3,3,6.19939304278969
1,18.58,850.8,1,176.93,142.52,3.726,3,2,5.99359026169992
3,26.73,879.5,1,134.59,277.61,3.778,3,1,6.13788407012859
1,21.26,616.5,1,310.16,133.74,3.936,2,1,5.78710256452577
3,21.71,2144,1,136.5,206.27,3.433,1,1,8.3836515327579
3,22.32,497.4,1,232.2,312.58,3.653,2,3,6.06469037588742
1,11.82,1510.6,1,214.97,374.68,3.586,1,1,8.12855850562445
3,28.03,910.1,1,137.11,75.93,3.053,2,3,4.87302694213403
3,14.34,1465.1,1,487.49,105.33,3.477,2,2,8.17072004249586
1,21.75,1518.3,1,146.37,164.19,3.557,2,1,7.28507639922703
1,20.37,1499.6,1,79.29,170.34,3.278,3,3,6.25590188566846
2,23.69,784.6,1,152.48,134.94,3.76,3,3,5.57302229932207
3,31.76,702.5,2,188.97,242.64,3.755,2,1,5.85296096687855
3,19.51,1668.4,2,253.55,103.55,4.018,2,1,8.15587564795681
1,18.3,1254.2,1,222.32,130.61,4.155,1,2,7.2995703225939
1,13.88,838.5,1,129.58,179.72,3.443,1,1,5.15604424521855
1,18.17,477.7,1,405.16,201.5,3.48,2,1,6.00602520052704
2,18,1243.7,2,336.13,300.44,3.72,2,1,8.09337974527984
1,25.45,1497.6,2,131.38,131.75,3.298,1,2,6.75654261448539
1,17.82,963.7,1,81.77,100.68,4.02,1,3,5.45519234889114
1,24.82,807,1,119,149.34,3.446,2,3,5.73727165067607
1,22.12,1358.8,1,210.93,95.78,3.54,1,3,6.75437711757433
3,14.4,912.2,1,125.79,210.33,3.298,3,2,6.25077417529751
2,20.26,1615.4,2,230.33,83.52,3.957,3,2,7.62229070643579
3,28.31,311.1,1,107.25,364.43,3.348,3,2,4.45566917808719
1,28.42,1081.8,1,96.91,202.77,3.521,3,1,5.20615697401991
1,35.03,576.4,1,213.91,113.73,3.566,2,3,5.28904939923892
2,24.98,1055.4,1,171.76,92.59,3.989,1,1,5.37020674353743
1,14.03,1617.2,1,142.44,203.18,3.949,3,3,7.21344774982319
1,18.39,538.5,1,155.32,246.97,3.755,2,3,5.84094536827386
2,27.45,920.9,1,139.49,50.3,3.369,1,3,5.40203466477038
1,34.4,1437,1,72.69,316.29,3.567,2,1,6.81101485123579
1,23.66,928.8,1,90.9,107.3,3.906,3,2,5.03581005389137
3,29.84,1194.6,1,223.12,83.65,3.558,1,1,5.41036444849682
1,27.61,1086.8,1,215.62,142,3.348,3,3,6.04086830179301
3,15.99,770.3,1,500,114.27,3.984,2,1,7.13707933068879
1,21.97,655.8,1,87.35,241,3.711,2,2,5.85847031262677
1,30.83,878.4,1,139.44,182.32,3.771,2,2,5.96858129636883
1,28.26,1715.3,1,161.82,100.45,3.69,3,1,7.35724388758153
1,25.78,1466.4,1,208.99,187.97,3.186,2,2,7.28485530841434
1,25.86,861.5,1,105.08,121.21,3.424,3,2,5.00040239692034
1,20.05,706.3,1,180.45,133.22,3.456,2,1,5.72255519648387
1,15.08,600.5,1,117.43,143.2,4.074,2,1,4.62863912191761
3,30.77,1371.9,1,164.66,131.27,3.412,2,2,6.92813290710467
1,14.48,934.7,1,83.84,84.52,3.321,1,1,5.51481434840855
2,19.37,1197.5,2,112.02,289.88,3.105,1,1,6.85180646569037
3,26.77,874.3,1,118.98,99.37,3.256,1,2,4.93022706036329
1,15.43,690.4,1,194.83,91.55,3.512,3,1,5.48105830009323
3,19.69,1176.8,1,269.39,72.64,3.355,1,1,6.29137325346615
2,17.9,1109.2,2,112.75,166.95,3.982,2,1,5.88473691816038
3,26.72,1374.4,2,111.93,91.11,3.35,1,1,5.81167559337729
1,25.68,654,1,160.68,110.76,3.262,3,1,4.66633700182673
2,27.53,810.3,1,141.14,144.32,3.169,2,1,5.05527650542731
3,25.65,1315.5,1,167.38,114.79,3.771,2,1,6.47484246972428
1,26.34,1071.6,1,127.85,122.99,3.777,2,2,6.23175032907833
3,26.84,1185.9,1,133.16,144.16,3.08,3,1,5.76561630137677
2,13.19,1023.6,1,132.38,190.36,3.143,3,3,5.95976050052838
1,22.11,1156.5,1,153.61,326.61,3.783,2,1,7.30350495563008
1,23.67,1063.7,1,166.78,87.99,4.023,2,1,6.28106651545923
1,27.35,1268.7,1,216.53,219.42,3.259,2,1,6.87894609794139
1,15.88,892.2,1,179.23,196.7,3.015,1,2,5.94996165433933
1,20,929.1,1,197.65,37.97,3.539,2,3,5.4995518997078
3,16.56,532.4,1,109.97,132.4,3.898,3,1,4.65192349901469
3,29.34,1214.2,1,159.95,172.87,3.258,2,1,5.96594866613044
1,30.67,1195.4,1,175.35,283.71,3.129,1,3,6.04727272555483
3,27.73,1340.8,1,98.51,72.99,3.927,2,3,6.84201883297484
3,15.67,954.9,1,119.4,124.01,3.375,2,2,5.64215293378165
1,25.71,1014.3,1,133.37,53.69,3.303,2,1,5.45666255459184
1,29.9,617.7,1,166.32,168.69,3.462,1,1,5.2255230496995
1,24.01,807.9,1,63.31,232.81,3.423,3,3,4.59280819218857
3,19.6,841.2,2,289.79,142.24,3.636,2,3,6.21561485150986
2,18.48,683.2,1,188.51,186.29,3.852,3,3,5.79357215686209
1,19.01,856.7,1,212.42,90.3,3.231,3,1,5.78202692914428
2,29.29,627.9,1,201.66,221.17,2.968,2,3,5.16438867189713
1,20.41,781,2,180.21,133.3,3.865,1,1,5.56635800826927
3,24.37,1588.4,1,56.07,148.26,4.172,2,1,6.9220076463389
1,30.77,1299.4,1,167.76,139.98,3.392,2,2,6.34631671196681
3,26.47,1619.5,1,160.97,167.15,3.803,1,1,7.35387115484636
2,33.19,1327.4,1,76.26,168.02,3.464,1,2,5.86498264566735
3,12.79,526.8,1,229.89,196.92,3.149,3,1,4.63968630382922
1,21.32,2034.5,1,87.92,195,3.544,3,3,7.44373597168381
1,23.39,1299.6,1,141.92,271.43,3.813,1,1,6.65724398108724
1,26.47,1051.8,1,83.62,188.1,3.74,2,1,5.92752651536873
2,17.98,778.4,1,132.49,134.38,3.625,3,2,5.70679911980556
1,27.84,771.2,1,253.98,58.18,3.522,1,3,5.51129018522297
1,24.84,1211.9,1,161.68,142.36,3.645,3,1,6.46547718201961
2,26.58,739.9,1,143.3,69.13,3.512,3,1,4.64201217389814
1,26.05,1106.1,1,287.18,217.96,3.359,3,3,6.72021176375952
1,22.3,868.1,1,298.07,84.76,3.734,3,1,6.55194498519143
1,28.55,817.7,1,143.75,108.78,3.597,1,1,5.11705704643605
1,26.89,937.8,1,119.99,207.21,4.119,1,1,5.75226354091514
3,22.1,1307.2,1,202.33,89.04,3.59,3,1,6.54376582172274
1,29.24,280,2,201.18,175.07,3.494,2,3,4.40775940280082
1,24.76,1029.7,1,272.65,78.63,3.892,2,1,6.32836109335477
2,29.01,1097.5,1,103.09,73.06,3.103,3,1,3.88913390384851
3,19.43,950.8,1,163.65,184.97,3.794,1,1,6.49368296560849
3,32.48,1027.9,1,200.18,171.06,3.108,3,3,5.47034869694303
1,22.98,780.8,1,115.76,141.18,3.8,1,1,5.43636494063191
1,28.09,894.3,1,94.74,91.94,3.634,2,3,5.41111545572167
1,22.4,942.3,1,73.59,158.47,3.645,2,1,5.36770029308593
3,21.32,767.3,1,161.27,224.51,2.961,3,2,5.1243436503031
2,29.71,1426.2,2,161.74,126.8,3.155,1,1,6.37279680288383
1,13.49,1139.6,1,135.89,192.14,4.122,2,2,6.71771421169264
3,25.87,1858.2,1,159.25,198.01,3.532,3,1,7.71249649782767
1,25.36,787.1,1,85.65,134.43,2.979,3,1,4.22638713865094
2,8.83,826.8,1,229.93,149.92,3.466,3,2,6.46257012985275
1,25.21,619.8,1,176.6,112.8,3.37,1,3,4.19365394818779
1,9.99,1472.4,1,127.28,100.98,4.107,3,2,6.66112787223042
2,28.96,758.8,1,137.84,119.85,3.475,3,1,4.48159056132694
2,22.28,992.8,1,230.52,53.18,4.069,2,2,6.44933081177388
1,18.83,644.7,1,140.32,149.86,3.592,2,2,5.78083390501624
2,24.96,1604.3,1,403.18,233.03,3.183,1,1,8.63032837939129
1,31.24,1412.4,1,253.54,171.83,3.582,3,3,7.79271542547102
1,19.19,1277.5,2,119.94,260.24,3.391,1,3,7.13391312569424
1,26.35,1039.9,1,104.26,135.25,3.716,2,2,6.69600110869167
1,25.05,1303,1,216.38,57.03,3.569,3,1,6.37886225233733
1,15.92,1271.9,1,164.33,108.3,3.438,2,1,6.71619277514868
1,12.55,1692.1,1,218.83,105.56,4.128,1,1,8.06811388148792
1,11.04,1351.2,1,108.8,209.23,3.201,2,1,6.85004364004695
1,26.31,937.7,1,171.09,179.13,3.109,2,1,5.45542265054564
1,22.79,1102.4,1,160.04,287.31,3.28,3,2,5.89244238137545
1,34.1,1156.2,1,249.26,119.43,3.379,2,2,6.65636976064534
1,26.44,1475.7,1,183.06,195.96,3.163,1,1,6.44813118584287
2,30.1,896.3,1,142.11,116.81,3.695,2,3,5.16747071504902
1,31.01,1612.8,1,144.2,105.57,3.302,3,1,6.29688396605984
1,20,732.7,1,178.45,163.04,3.425,3,1,5.31296789539472
2,28.06,855.7,1,126.1,93.8,3.236,2,1,5.02323415825224
3,28.21,1151,1,181.67,218.61,3.686,3,2,5.98786229541986
1,31.22,1360.7,1,90.83,159.16,3.796,2,1,6.39554496417867
1,27.58,1821.4,1,137.66,127.57,3.574,2,1,7.68481027846652
1,25.53,967.1,2,243.48,98.28,3.738,1,3,5.75980449763055
1,17.79,972.4,1,159.86,86.85,3.341,1,1,5.90372335775151
1,27.38,1557.8,2,275.15,45.22,3.407,1,1,7.79818783234731
3,26,1477.5,1,165.66,175.66,3.642,3,1,6.39998237559892
1,26.81,1348.7,2,250.13,116.62,3.687,1,1,6.91845367638548
2,27.54,1356.4,1,188.51,103.74,3.046,3,3,5.70959189163338
1,21.79,1128.6,1,129.49,211.43,3.852,3,1,6.81593667276732
1,22.54,1497.3,1,237.18,384.5,3.34,1,1,7.9760825085554
1,27.12,1023.6,1,243.18,134.13,3.416,3,3,6.26895576939971
3,24.03,2039.5,1,108.77,148.13,3.544,3,1,7.32201920541306
1,18.02,1707.3,1,182.42,199.3,3.173,2,3,7.98034681388098
3,21.26,1106.8,1,309.9,278.65,3.729,3,1,7.86980655277131
1,15.09,874.8,1,176.56,150.92,3.451,3,1,5.56993423703665
3,17.2,1102.2,1,220.02,131.89,3.539,2,1,6.59039788608608
1,22.13,1267,1,292.21,141.89,3.388,3,2,7.00131533368032
1,12.21,869.6,1,179.03,147.24,3.665,2,1,6.18840085296748
3,12.87,1305.6,1,79.72,159.14,3.661,3,1,6.40878661797453
2,31.62,860.2,1,151.78,99.22,3.771,3,1,4.62690934392823
1,19.54,1038.5,1,233.38,121.34,3.311,3,3,6.30269531466353
1,11.89,818.9,1,107.01,63.29,3.907,3,1,5.43534636492127
1,22.32,1508.9,1,143.6,123.68,3.539,2,1,6.87015990259067
1,30.93,955.4,1,136.18,108.38,3.02,2,1,4.96375140703922
3,26.97,1031.8,1,60.98,195.14,3.277,3,1,4.93367820326785
2,27.65,1107.9,1,231.73,132.92,3.66,1,3,6.11401806309783
3,30.1,1594.1,1,108.11,89.23,3.179,3,1,6.262187050451
2,20.37,955.1,1,92.78,107.31,2.941,1,3,4.83076544552846
3,27.38,2206.9,1,121.26,116.88,3.472,2,2,8.50538656824897
1,19.48,1815,1,131.23,83.98,3.704,2,1,7.53903858079041
1,23,1269.5,1,185.69,211.04,3.8,3,1,7.14090304953676
1,36.29,1013.8,1,84.69,151.05,3.002,3,3,4.66259799082129
1,28.82,1221.2,1,102.29,165.72,3.689,3,1,5.59770431625418
1,27.61,822.2,1,130.47,67.6,3.312,1,1,4.17794569858
1,16.35,1170.9,2,167.23,78.85,3.251,2,2,5.94857719583705
1,18.28,799.5,1,257.03,106.71,3.341,3,2,6.1554397509743
1,36.7,952.9,1,131.46,237.42,3.418,3,3,5.22322184084272
1,16.44,1076.8,2,187.7,115.25,3.523,3,1,6.8450735957234
3,24.29,1023.4,1,266.16,226.02,3.447,2,1,6.86269195899561
3,28.36,778.9,1,50.89,169.65,3.219,3,3,4.19770540761533
1,29.11,552.6,1,149.3,125.55,3.533,2,1,4.5716328727431
3,29.53,1521.9,1,231.9,99.45,3.587,2,3,7.12394923664198
1,22.02,1204.3,1,152.04,248.31,3.572,1,1,6.419629312879
