"region","temperature_C","rainfall_mm","irrigation","fertiliser_kgha","pesticide_kgha","soil_organic_matter","seed_brand","tractor_brand","yield_tha"
1,21.19,890.1,1,190.86,140.53,3.161,1,3,6.02621898471214
3,21.51,1285.1,1,155.15,93.64,3.846,3,1,6.71617221568245
1,26.08,1148,1,195.01,73.11,3.088,2,1,5.27769116506952
2,25.88,973.9,1,111.94,142.48,2.793,2,1,5.59181732839662
2,20.23,1440.6,1,151.17,87.02,4.273,3,2,7.34228178461565
1,22.71,1138.1,2,107.62,133.82,3.444,1,1,5.57252841238654
1,20.31,879.6,1,99.51,65.4,3.239,1,2,4.91521856088961
2,18.82,938.9,1,142.9,89.99,3.513,1,1,5.39791549995057
1,23.45,1008.1,1,176.65,153.38,3.125,3,3,5.48036354050061
1,22.76,966.6,1,111.63,216.18,3.126,2,1,5.80088574474202
2,23.76,1211.4,2,152.7,146.53,3.462,2,1,6.64065675647772
1,23.65,996.2,1,75.62,87.42,3.081,1,1,4.75373993711464
3,24.32,1157.9,1,136.07,113.04,3.301,3,2,5.2603923585769
1,23.62,1209.3,2,270.39,220.87,3.474,2,1,7.5649348196033
1,21.15,1033.5,1,100.88,171.12,3.427,2,3,5.99107817552446
2,22.16,1238.9,1,99.12,192.76,3.689,2,2,6.7680641755258
1,22.6,1626.3,1,149.83,211.57,4.347,1,1,8.40376833719484
1,23.93,991.9,1,206.4,160.72,3.042,3,1,5.01517791248935
1,19.88,1252.3,1,278.01,222.42,3.968,3,2,7.82395481163848
2,23.54,798.4,1,500,88.25,2.732,3,1,6.56399645098936
2,26.42,726.7,1,231.1,155.26,2.281,1,2,4.65504095394328
3,22.84,1349.6,1,218.74,116.91,3.816,1,1,7.10476771995746
3,21.95,1812.8,1,389.1,148.66,4.76,3,1,9.98190489588364
2,23.31,776.1,1,144.76,244.8,2.717,1,2,4.71264185058249
3,24.67,1202.1,1,150.24,169.99,3.343,1,2,6.54669269097944
3,23.83,1634.6,1,183.16,102.79,4.227,2,3,8.03117962664072
1,26.71,1022.5,1,90.01,116.36,2.789,1,2,4.30801389576787
1,23.42,1019.5,1,75.46,89.11,3.149,1,3,5.39302076608341
1,24.23,1303.3,1,354.23,130.62,3.577,2,1,8.11937886746774
1,21.32,1139.5,2,128.86,108.89,3.601,3,1,6.23105903679581
2,25.51,1078,1,135.43,193.15,3.023,3,2,5.93120899742728
2,22.73,734.4,1,107.9,109.23,2.705,3,1,4.03285807576205
3,20.87,1186.9,1,174.86,186.31,3.738,3,3,6.25995115955278
3,23.19,1144.3,1,211.41,187.17,3.402,3,1,6.38460996750455
1,28.84,1422.7,1,149.27,112.04,3.282,1,1,6.41638449760651
1,25.4,1045.2,1,165.52,256.03,2.975,3,2,5.84705823804819
3,24.75,1277.4,1,246.35,137.56,3.472,3,1,7.04914184380329
1,24.08,741.5,1,163.74,101.73,2.569,2,2,5.11256001488186
1,21.17,1053.7,1,129.61,140.49,3.461,1,1,5.88188932315604
1,22.39,1181.7,1,160.31,87.55,3.559,1,3,6.32800961546426
1,22.18,1072.2,1,115.03,181.47,3.383,3,1,5.93337615406453
1,21.59,828.4,1,171.76,91.36,3.003,2,3,5.13027493295821
1,25.11,798.9,1,112.35,241.3,2.558,1,3,4.31264849783268
1,19.41,1159.2,1,297.27,54.13,3.85,2,1,6.90779233169604
1,25.6,1540.6,1,57.23,82.96,3.858,3,3,5.96012572888174
1,25.59,1420.8,1,195.04,116.97,3.64,2,1,7.4208347827115
1,19.4,1095.3,1,133.7,99.59,3.734,2,1,6.2671949889105
1,24.92,972.5,1,382.42,247.15,2.897,1,2,6.1417700718568
1,30.29,1066.7,1,148.9,132.33,2.471,3,2,4.54138864542164
2,22.61,1084.7,2,201.82,159.11,3.358,2,1,6.30586488526008
1,25.53,949.4,1,193.85,186.07,2.786,3,1,5.33648524570151
1,20.65,1161,1,182.72,145.47,3.715,2,1,7.061371139885
3,24.67,1021.8,1,204.96,208.24,3.015,1,1,5.59197458099045
1,23.75,1007.9,1,384.09,165.22,3.091,3,1,6.88745392227357
1,27.96,1155.1,1,243.87,185.31,2.892,2,1,6.6794986183259
1,18.62,968,1,178.79,70.28,3.589,3,1,5.55576580260817
1,22.85,904.2,1,351.75,82.45,3.003,2,1,6.51170492498346
3,22.21,1578.8,1,210.7,50.6,4.305,3,3,7.81953461106456
2,23.51,976.8,1,216.79,121.47,3.062,1,1,5.94538779297567
1,21.11,1279.7,1,279.06,256.63,3.881,3,3,8.05089438309036
3,21.75,1040.9,1,176.13,88.04,3.374,1,1,6.02935303763074
1,24.74,1049.2,1,223.82,156.33,3.057,1,2,5.40200116002222
1,19.74,1158.7,1,146.39,165.31,3.813,1,3,5.9984727546949
1,27.45,1002.2,1,173.44,151.11,2.669,1,2,5.13591669001975
3,21.22,883.1,1,167.28,119.82,3.145,1,3,5.18316469456408
1,23.3,1064.4,1,125.36,103.31,3.244,2,1,5.71304787687981
3,23.8,999.2,1,390.21,102.46,3.07,1,1,6.36637986460367
3,23.88,1031.8,1,129.74,136.98,3.12,1,1,5.89152279842276
3,22.55,1783.5,1,141.43,242.02,4.641,2,3,8.78757693754748
1,23.24,649.4,1,288.63,95.57,2.494,1,1,4.48948287358916
3,24.44,1106.8,1,163.05,128.73,3.195,1,1,6.24859827118027
3,20.82,944.5,1,270.1,142.05,3.302,2,3,6.27117264457582
3,21.83,1382.9,1,127.1,193.14,3.989,2,1,7.35015372761356
1,23.96,1165.7,1,163.59,122.66,3.356,3,1,5.59645418764107
1,21.67,1359.7,1,147.86,180.4,3.965,1,3,7.29998289836257
1,27.11,1219.3,1,109,69.95,3.103,1,2,5.8506105035676
1,25.02,1070.6,1,144.61,186.98,3.064,1,3,5.81881979718406
3,23.11,1015,1,124.54,141.87,3.176,1,3,5.07968537044308
1,18.48,1203.4,1,236.72,83.58,4.035,3,1,7.62388566107162
1,23.08,963.5,1,145.37,48.31,3.085,2,1,5.32325044682776
1,22.05,1128.3,1,158.81,115.58,3.5,1,1,6.61861955462322
3,22.85,1272.1,1,115.74,182.91,3.674,3,1,6.44662902895783
1,19.46,724.3,1,180.22,156.61,3.051,3,3,5.16495383190484
3,23.75,1458.5,1,82.97,115.64,3.914,2,1,7.71452906731228
1,19.88,1447,2,47.01,138.98,4.323,1,1,7.67354131291004
1,22.32,1263.1,1,365.43,145.67,3.716,1,1,7.68058234674064
2,24.95,1214.8,1,226.86,97.33,3.335,2,1,6.52231776054591
2,22.04,1162.2,1,215.36,139.26,3.563,1,2,6.77465961399948
2,25.46,1072.1,1,63.64,142.87,3.018,2,2,5.79771912323617
1,19.05,937.5,1,219.27,98.62,3.485,3,2,5.88084090125128
1,14.57,1097,1,205.11,148.43,4.275,3,1,7.09414590129149
3,23.7,1111.9,1,159.15,156.02,3.287,1,3,5.82556590600203
1,25.52,1259.4,1,233.48,171.7,3.353,2,1,6.60554446695501
3,22.57,1469.8,1,264.7,186.37,4.065,2,1,8.3834286652096
1,24.51,1078.8,1,156.17,163.08,3.136,2,1,5.64649852698191
1,19.53,944.5,1,375.69,155.38,3.445,1,3,6.83942300313764
3,22.81,1572.7,1,250.25,130.29,4.227,2,3,7.90229241486163
1,17.18,1285.4,1,276.63,165.89,4.329,3,1,8.39991698298879
1,26.54,1113.7,1,143.89,77.38,2.974,1,1,5.59016061422998
1,28.58,1205.4,1,155.58,181.73,2.915,3,2,6.23913726499644
1,26.22,577.2,1,111.18,107.2,2.03,2,1,3.45849560294065
1,22.92,1447.2,1,195.54,383.64,3.986,3,2,8.25710973587068
1,22.9,992.8,1,184,104.32,3.158,3,2,5.4971964294748
2,20.21,979.3,1,170.99,37.73,3.433,1,1,5.66618920740174
1,25.37,919.3,1,123.2,249.92,2.749,2,1,5.38086261044666
2,23.47,737.9,1,149.06,104.21,2.629,1,1,4.49403085384397
2,22.36,867.2,1,382.09,176.85,2.989,3,2,6.3863582412087
3,20.88,1112.2,1,110.87,150.25,3.601,1,2,5.73228388589673
1,22.1,939.6,1,138.44,221.13,3.15,3,1,5.6380806233545
1,20.45,875.1,1,90.65,91.03,3.216,1,3,4.07319267003704
2,23.01,960.3,2,97.13,80.18,3.087,3,1,5.17533381725337
1,19.35,959.1,1,145.63,218.07,3.492,1,3,5.77960858017156
1,28.06,1017.1,1,139.31,88.82,2.628,3,3,4.93140323888302
2,23.96,1207,1,126.58,68.81,3.431,1,1,6.02240196648403
3,24.61,1070.4,1,118.42,191.99,3.109,2,2,5.54532052384538
1,15.19,800.1,1,151.31,132.05,3.664,3,3,6.00087834988411
1,21.64,1271.9,1,266.21,373.67,3.808,3,1,8.25573074786938
2,22.31,919.6,1,141.3,158.32,3.09,2,3,5.93711225462007
1,19.33,954.8,1,95.39,116.21,3.486,3,1,4.93624385164621
1,27.64,1381.4,2,104.47,102.9,3.34,3,3,6.9787785382984
3,20.88,1367.2,1,70.23,287.11,4.067,3,2,7.162435614911
1,23.96,890.1,1,79.57,79.27,2.853,2,1,5.2210320269262
1,25.54,1225.7,1,119.76,178.75,3.29,1,1,5.63332145547271
1,23.53,1298.9,1,108.66,174.42,3.646,1,1,6.42202136119672
1,20.37,920.1,1,100.99,105.41,3.306,3,1,5.05009222844794
2,26.35,631,1,382.76,268.75,2.114,2,1,5.18714158563897
1,23.51,1033,1,345.95,97.54,3.164,3,1,6.71582027311062
1,19.81,1183.7,1,488.63,134.76,3.85,2,3,8.34546864814302
1,18.84,734.4,1,228.72,161.45,3.139,2,1,5.44577784201667
3,26.13,1218.5,1,153.6,381.19,3.211,1,1,6.57857744161028
3,21.98,925.6,1,105.62,178.6,3.138,3,1,5.45946675069437
2,19.36,1189.4,1,103.08,293.16,3.911,2,2,6.53858987068234
3,23.8,1313.7,1,133.2,98.37,3.644,2,3,6.99286590643836
3,23.47,1627.7,1,283.3,62.64,4.254,1,1,8.54261194545087
1,18.94,951.1,1,218.28,201.72,3.523,1,3,5.82928817607998
3,20.09,1159.5,1,239.96,65.98,3.776,2,1,6.13712685354041
3,22.83,1048.4,1,151.92,74.91,3.268,3,2,5.77362716352765
3,24.71,1155.1,1,85.05,178.26,3.253,2,1,6.00907366347243
2,25.59,1157,1,188.94,132.6,3.159,3,2,6.68532923913442
1,21.52,952.3,1,150.16,197.97,3.238,1,3,5.70866487567772
1,20.5,1143.8,1,144.57,256.79,3.701,1,2,6.54702868570709
1,23.81,1095.9,2,415.78,203.83,3.245,1,3,6.83124002755156
1,23.47,1013.6,1,237.95,161.07,3.132,2,2,6.01170170324502
1,24.89,987.2,1,149.28,173.67,2.927,3,3,4.80683648351421
3,22.41,1183.4,1,73.31,144.95,3.561,1,1,6.76733237958953
1,25.7,1196.3,2,145.64,290.16,3.218,2,1,6.588798336427
1,20.51,1482.5,2,250.46,139.13,4.318,2,2,8.57677444323591
1,22.01,1115.2,1,192.7,194.49,3.481,3,1,6.78925100505274
1,25.22,927.1,1,184.63,89.55,2.78,1,1,4.9089381255563
3,24.48,919.9,1,256.35,138.32,2.849,1,1,5.5401649102189
3,20.09,1004.4,1,153.1,56,3.492,2,3,5.41312054168197
1,23.32,1169.3,1,142.03,144.56,3.433,3,2,5.96615752342154
1,24.83,948.7,1,147.67,70.21,2.864,2,2,5.23816754724968
1,18.65,1359.8,1,224.68,128.14,4.301,1,1,7.42722222920709
1,24.44,1117.5,1,146.71,122.19,3.214,3,2,5.80700442795015
1,20.52,1060.8,1,227.15,209.26,3.547,1,1,6.25825436436106
1,26.06,898.1,1,97.65,102.21,2.634,3,3,3.76202862215853
1,24.62,507,1,95.89,101.22,2.081,3,1,3.15577426205782
1,25.31,1022.3,1,173.63,56.62,2.944,3,3,5.27573883037086
1,23.36,836.1,1,227.16,179.02,2.821,3,1,4.90691943728003
1,25.59,1305.1,1,138.34,220.38,3.429,2,1,6.73553937491883
1,27.14,1123.8,1,128.72,122.95,2.925,3,1,5.47023179351442
3,25.95,1073.2,1,49.27,262.22,2.966,3,1,4.6102368358767
1,22.91,841.6,1,192.82,113.32,2.881,2,3,5.55363429736466
1,16.25,1076.4,1,112.11,87.11,4.05,3,1,5.99424961696324
1,23.09,869.6,1,195.15,150.48,2.912,3,1,4.83435908709448
3,23.31,1240.1,1,301.5,184.33,3.564,1,3,7.28110945291531
1,22.53,973.8,1,133.26,70.05,3.164,2,1,4.72025668466032
1,24.7,1126.3,1,221.1,65.77,3.201,2,1,6.1454106744401
1,26.03,916.8,1,154.17,138.76,2.671,3,3,4.7558340077504
3,22.22,1227.3,1,192.35,168.24,3.662,3,1,6.79748361325906
1,22.12,1114.6,1,100.7,48.01,3.467,1,2,5.67202748859144
2,24.99,1017.9,1,196.41,63.74,2.971,1,1,5.40318795977737
3,22.17,1115.8,1,286.25,155.83,3.463,1,1,7.08739918390249
3,23.14,1123.4,1,352.72,201.67,3.37,2,2,7.80310779815491
3,20.06,1528.3,1,99.35,114.78,4.452,1,3,8.07738582511087
1,19.64,988.7,1,206.32,231.59,3.513,3,2,5.97073165236522
1,19.02,1081.4,1,132.57,103.51,3.752,3,3,5.73246035606831
2,21.87,1316.7,1,205.36,126.23,3.864,3,1,6.71887086736992
1,20.92,759.2,1,152.48,247.46,2.952,2,1,5.08339422049923
3,23.57,1548.5,1,148.05,131.09,4.098,2,2,7.87702686731175
1,25.95,1027.7,1,219.74,137.5,2.883,2,1,6.12976320832897
3,21.91,1192.6,1,225.8,91.17,3.633,2,1,6.70856206238882
1,20.01,1222.2,1,185.18,140.03,3.898,2,1,6.84406748215691
1,19.87,1130.7,1,200.31,102.12,3.746,2,2,6.41096681799645
1,21.76,986.1,1,193.16,61.15,3.273,1,2,5.34270965113006
1,22.28,1045.6,1,185.12,88.35,3.323,2,1,5.80129441585914
1,24.45,1009,1,170.98,122.26,3.015,1,2,5.16475814579025
2,23.2,1382.7,2,242.64,146.17,3.837,3,3,7.84800951478736
2,18.8,1156,1,222.34,218.37,3.912,1,3,6.64357639933468
1,22.73,871.9,2,230.42,138.27,2.957,1,3,6.02099415803895
1,26.56,1289.8,1,263.17,128.45,3.293,3,1,7.45607346406776
2,26.98,1137.9,1,207.69,222.1,2.969,3,3,5.67519679405078
3,21.82,1289.9,1,154.14,397.07,3.821,1,3,7.68481499006837
2,20.13,703.6,1,103.57,130.87,2.939,1,2,4.51355494633271
1,30.37,1255.5,1,133.7,229.29,2.806,3,3,5.61817497396899
1,22.51,1030.1,1,113.69,168.67,3.269,2,1,5.82843549387238
3,22.85,724.3,1,144.91,131.42,2.673,2,3,4.8445107033127
1,24.26,1409.4,1,131.6,57.94,3.767,1,1,6.64750057717723
1,18.16,1153.3,1,151.31,88.47,3.979,3,1,6.18431974058459
1,20.82,1099.9,1,106.5,106.17,3.585,3,1,5.69899901486928
2,20.15,851,1,126.29,83.04,3.205,2,1,5.36120910319964
3,21.96,1000,1,191.29,81.18,3.276,3,3,5.62635888289234
1,23.36,734.4,1,180.1,113.16,2.636,1,1,4.16203891564995
1,18.91,1039.6,1,138.56,207.4,3.688,3,1,5.60927213983529
2,25.47,1498.2,1,252.86,90.35,3.794,3,1,7.80680930347821
1,23.87,814.3,1,81.94,143.25,2.725,1,1,4.37542177296641
1,20.29,1162.8,1,201.9,124.22,3.759,3,2,6.49374786641356
1,23.68,1006.3,1,320.32,193.28,3.096,3,1,6.75607294803804
1,25.24,1056.1,1,138.33,138.27,3.013,2,1,5.6338945031494
1,26.18,1357.9,1,193.91,126.15,3.459,1,1,6.6112198388313
1,22.36,1080.2,1,129.77,104.88,3.378,2,1,6.02100277466217
1,22.72,1508.2,1,162.96,201.95,4.119,1,2,7.01626175992424
3,22.87,1400.7,1,232.55,225.39,3.906,2,3,7.55541232304977
1,27.32,1192.4,1,111.58,137.11,3.03,3,1,4.96510768949351
3,24.69,1169.2,1,129.96,500,3.281,1,1,6.27425523994278
1,25.5,1051.2,1,206.19,135.75,2.975,3,3,6.1750309494105
1,22.14,656.2,1,196.24,497.67,2.629,3,1,5.70640518239871
3,23.56,1268.7,1,231.69,128.09,3.588,2,3,7.33580361633406
2,25.01,879.2,1,279.98,67.69,2.717,2,2,5.55881420344906
1,19.87,1513.3,1,228.08,72.22,4.445,2,3,8.38639317076602
2,19.68,1393.9,2,104.09,92.32,4.248,1,1,6.92184478387065
3,23.96,1365.7,1,175.58,262,3.721,3,2,6.53296644613677
3,20.71,1299.3,1,138.85,289.51,3.962,1,1,6.253950709871
1,23.01,1699.3,2,164.08,162.16,4.436,1,1,8.54625196937619
1,23.75,1219.1,1,242.82,155.88,3.477,3,2,6.85673015428458
1,24.69,796.9,1,184.95,107.1,2.601,1,1,4.38197752415515
1,23.57,1194.5,1,175.69,100.66,3.452,3,1,6.32140419870257
3,21.9,959.3,1,156.31,98.84,3.208,2,2,5.61882389803519
2,26.47,863.4,2,194.69,92.36,2.525,1,2,4.83412508424373
3,25.61,1245.8,1,99.72,106.96,3.319,2,1,6.67808787394212
1,25.64,1091.1,1,137.53,103.1,3.033,1,3,5.82294278977977
1,17.17,1084.6,1,326.74,171.87,3.963,1,1,7.6617444667932
1,27.2,1013.9,1,213.67,191.38,2.719,3,1,5.7301159557378
1,22.83,1451.4,1,109.34,276.92,4.003,2,1,7.30102617200571
1,24.57,1090.8,1,97.63,45.84,3.151,3,1,4.91963991153932
1,24.87,1126.7,1,109.46,169.34,3.184,3,1,5.44087057527971
3,22.85,1192.8,1,210.43,118.01,3.528,3,1,6.58100554575581
1,22.77,1344.2,1,197.7,120.77,3.814,3,1,7.36493093358759
3,24.53,1623,1,129.21,65.59,4.127,3,1,6.8384306664962
1,25.13,1127.8,1,140.65,133.96,3.156,2,2,5.71032921335322
3,24.49,1300.1,1,249.17,96.32,3.543,3,3,6.95874597357738
1,30.15,1006.9,1,144.38,159.18,2.378,2,2,5.09460140137988
3,24,1257.8,1,160.46,82.94,3.52,2,1,6.96081052450504
1,23.62,1192.7,1,191.04,500,3.443,3,2,7.11226256832763
3,19.68,1315.5,1,152.23,96.06,4.105,3,1,6.09184983133265
1,31.08,983.5,1,120.39,119.92,2.232,1,1,4.24976772498685
2,22.79,909,1,138.03,78.78,3.017,2,2,5.31781842929759
2,29.94,968.8,1,103.95,117.66,2.332,3,1,3.89223908064113
3,23.56,1117.7,1,200.75,350.54,3.313,3,1,6.24357548913129
1,27.62,1041.8,1,289.56,114.48,2.723,3,3,5.97800432590162
1,22.67,1152.9,1,182.46,178.21,3.476,2,1,6.96440779676215
1,24.53,809.7,1,232.27,89.57,2.642,3,1,4.85258145196475
1,23.64,1016.7,1,124.76,269.07,3.119,1,1,5.98783355641338
1,22.44,883.2,1,154.97,167.34,3.009,2,1,5.8661726942988
3,22.82,1453.8,1,155.25,98.89,4.009,3,2,6.70603530159135
1,26.04,849.3,1,89.61,150.57,2.547,1,3,4.5867624265824
1,22.4,1450.6,1,170.81,114.48,4.05,2,1,7.49815128159038
1,16.89,1024.9,1,201.6,170.36,3.886,1,1,6.66279751736816
2,23.51,977.4,1,219.86,94.9,3.062,2,1,6.41430451863496
2,25.35,1127.7,2,287.56,166.96,3.132,3,1,7.45483383344155
2,25.54,1307.7,1,88.02,274.47,3.439,3,1,5.99414874884987
3,23.92,1105.9,1,213.8,238.09,3.251,3,2,5.92874832577563
2,19.77,967.9,1,223.02,155.63,3.461,2,2,6.2605224009922
1,24.11,1013.8,1,150.45,157.63,3.062,2,3,5.98543759373948
1,25.9,1372.9,1,212.43,163.89,3.518,1,2,7.25648829472192
1,26.83,1378.7,1,90.22,202.53,3.425,1,1,6.77054813396907
1,22.33,828,1,180.16,161.33,2.921,3,1,5.17369425389035
1,22.03,1385.2,1,43.57,177.89,3.971,2,1,6.91721777387905
1,27.46,1330.4,1,187.79,180.41,3.267,1,1,6.61126281938108
2,19.83,673.2,1,324.67,150.39,2.916,3,1,6.14141933287219
1,21.69,1252.2,1,316.56,187.15,3.766,2,3,7.68459458252143
1,24.37,884.6,1,53.18,139.46,2.797,1,1,4.3457543091136
1,18.15,902.4,2,206.43,212.94,3.522,2,1,5.95743968725876
3,23.42,1289.5,1,141.79,112.4,3.642,1,1,6.43514583339429
3,25.82,2019.2,1,162.75,148.14,4.707,2,1,9.56188715577102
2,23.99,791.2,2,64.19,137.9,2.669,2,1,4.81320198204804
1,22.16,963.3,2,193.7,84.38,3.186,1,1,5.65518788590115
1,24.42,1057.7,1,131.52,231.42,3.107,2,3,5.88142022482758
3,22.58,1591.2,1,192.78,81.14,4.286,3,3,8.13283733111175
3,24.22,1344.1,1,151.66,242.61,3.653,3,2,6.76481641331433
1,25.71,1102.4,1,106.43,84.59,3.045,1,1,5.71099093501254
1,23.01,708.7,1,189.48,87.9,2.628,3,3,4.25039279978414
1,19.47,935.9,1,211.76,199.19,3.436,1,3,5.51505570087442
1,19.05,779.6,1,168.32,131.08,3.198,1,2,5.13391051405023
1,21.22,854.9,2,209.27,59.92,3.093,3,1,6.09129492082566
1,25.39,1297,1,135.07,264.93,3.436,3,3,6.38237277655319
1,17.13,823.5,1,283.81,45.04,3.492,2,3,5.26920878844329
1,17.34,1417.5,1,141.29,99.96,4.552,2,3,7.26810717215787
3,22.02,995.2,1,128.6,69.22,3.261,1,3,5.32006775578325
1,24.18,1321.7,1,255.97,105.64,3.616,1,3,7.35601092550567
1,20.26,1443.5,1,264.06,141.38,4.275,1,1,8.32644133754787
1,25.66,1102.5,1,219.6,117.22,3.051,3,1,6.18051344250944
2,24.83,864.7,1,180.63,105.13,2.709,3,1,4.97815028736845
3,22.74,1089.5,1,323.75,126.4,3.352,1,3,6.36716587700201
3,24.23,1864.8,1,107.1,153.18,4.602,3,2,8.48843331644822
2,24.97,627,1,266.64,92.97,2.26,1,2,4.65191137438491
1,21.66,1612.8,1,340.6,54.12,4.428,2,1,9.02315266643146
1,23.69,1222.9,1,168.34,90.12,3.49,2,1,6.911631557527
3,23.97,1023.1,1,210.93,58.37,3.094,1,2,5.65052136234542
3,23.53,1072.5,1,213.08,180.21,3.233,1,2,6.38264210614552
1,21.03,1350.8,1,273.03,311.76,4.02,1,2,8.3949025296184
3,24.28,855.9,1,114.23,81.75,2.755,2,1,4.60435740357668
3,24.73,828.3,1,240.6,91.75,2.655,1,1,5.40514069733981
3,23.41,911.9,1,79.62,92.16,2.953,2,1,5.23608823084579
1,23.43,734.2,1,397.27,192.88,2.627,2,2,6.20944887497314
1,22.77,1007.2,2,129.06,137.83,3.199,1,2,5.7177489575284
1,29.48,1100,1,143.82,168.87,2.621,2,2,5.64440532686684
1,23.83,1018.2,1,183.6,191.44,3.101,2,3,5.70495559243217
1,22.53,1038.5,1,96.74,151.73,3.283,1,2,5.5667604725583
1,15.48,1250.4,1,147.11,165.82,4.454,1,1,7.29816834082821
1,18.3,972.5,2,168.84,81.13,3.632,3,1,6.67512706459778
3,22.88,1097,1,142.38,132.25,3.35,3,2,5.71734775762029
1,23.62,1283.3,1,388.83,103.4,3.608,2,3,7.70179918564297
1,23.83,1042.6,1,77.03,76.17,3.146,1,1,5.53745930881376
3,24.23,654.7,1,157.29,80.9,2.393,3,1,3.81848067722025
3,22.71,733.3,1,271.33,206.09,2.706,1,1,5.01698487600509
1,26.64,855.7,1,115.33,76.31,2.492,2,1,4.99397749220709
1,20.24,984.8,1,155.06,113.6,3.44,2,1,6.24663643743147
2,20.98,781.8,1,375.36,210.24,2.987,1,2,5.78627465857655
2,20.93,1103.2,1,74.44,157.32,3.579,2,1,5.86410039056171
1,25.23,1064.4,1,116.94,181.58,3.03,1,1,5.31665792929542
1,22.75,886.6,2,98.89,157.47,2.981,1,1,5.16284895900415
3,24.18,1258,1,214.89,127.24,3.499,1,3,6.68765278113921
1,22.2,884.2,1,113.87,51.2,3.038,1,2,5.00669035608168
1,21.22,726.5,1,200.63,103.74,2.859,2,1,5.28477400626722
2,23.08,569.8,2,125.04,73.72,2.366,2,1,3.93100008469843
1,17.44,907.7,1,154.17,114.93,3.61,3,1,5.67873674533234
1,19.49,1063.1,1,236.6,338.29,3.666,2,2,7.22554729407637
2,20.39,938.9,1,174.34,144.53,3.338,1,2,5.5040820735026
3,24.58,1023.2,1,72.16,98.78,3.027,2,1,5.49574718480162
1,21.21,1080.3,1,131.01,201.66,3.506,1,1,6.57417273013952
3,24.18,1381.4,1,222.69,169.06,3.725,3,2,6.8892262656348
3,25.27,1012.4,1,362.34,131.16,2.93,2,1,6.89010360479861
1,22.42,1083.8,1,102.46,122.86,3.377,3,1,5.39981719346695
1,23.85,1191.9,1,149.27,127.43,3.416,3,1,5.70465842902416
3,20.37,1268.4,1,158.89,131.69,3.942,1,2,6.9020102407019
3,21.77,1445,1,120.52,178.95,4.109,3,1,7.09049953954308
3,23.08,1512.6,1,91.45,143.85,4.086,1,1,6.84315252841702
2,24.75,1172.9,1,359.07,102.89,3.281,2,1,7.22411879106089
1,20.72,968.8,1,308.12,196.86,3.357,3,1,6.98514623624785
1,31.05,1595.2,1,90.52,99.69,3.351,2,3,7.27245407254933
1,21.62,861.5,1,73.92,243.05,3.06,2,1,5.73947903472462
1,23.19,1341,2,146.21,87.97,3.761,2,1,7.6360120944361
1,24.95,1022.7,1,197.47,189.45,2.985,2,1,5.88494140830475
1,22.92,952.3,1,155.73,237.56,3.082,2,1,6.2597552198341
2,22.39,851.9,1,265.68,233.84,2.958,2,1,6.35714079738721
1,26.14,1112.9,1,148.14,129.33,3.018,3,2,5.24714107886889
1,27.85,868.6,1,100.28,184.82,2.381,2,1,5.4375702857186
3,22.96,1236.3,1,313.6,52.63,3.597,3,1,7.77266948933042
1,24.69,1161.9,1,148.93,165.56,3.268,3,3,6.06636632086988
2,23.76,910,1,145.8,129.49,2.912,1,1,5.29162919573662
1,26.05,1270,1,147.1,177.39,3.314,2,1,6.43636801829795
1,19.53,1215.7,1,168.44,142.65,3.94,1,1,7.34886917223007
3,26.48,1330.2,1,61.46,241.5,3.376,2,2,6.52734505898433
2,22.49,611.2,1,219.85,126.01,2.507,2,1,4.51540625617337
3,20.81,1102.6,1,223.42,188.26,3.591,1,1,6.72131239563723
1,21.95,1627.7,1,214.86,129.68,4.423,3,1,8.36055512821802
1,23.44,1078.9,1,138.14,181.85,3.255,3,3,6.17552638052675
3,25.44,924.8,1,171.57,78.7,2.752,2,1,5.13866270285761
1,25.73,1368.5,1,89.44,177.93,3.529,1,2,6.21031951924152
1,23.43,674.1,1,191.63,114.34,2.518,3,1,4.46032677079377
2,20.53,1219.5,1,116.27,161.96,3.836,2,3,6.76685101676651
1,20.4,398.5,1,287.71,92.17,2.351,1,3,4.9267299930461
1,22.51,900.5,1,111.02,172.87,3.033,1,1,4.68192325581594
3,26.83,1380.9,1,68.62,500,3.43,3,1,6.96631267245937
1,17.42,752.6,1,177,269.33,3.329,3,1,5.87668902489281
1,26.39,1011,1,82.31,210.04,2.803,3,1,5.07398889975664
1,21.42,1592.7,1,110.93,103.27,4.418,1,1,7.2587828783535
1,28,934.4,1,231.41,157.01,2.485,3,2,5.31897787092636
1,19.58,1156.5,1,364.22,126.7,3.826,3,1,7.73794430138947
1,23.43,835.2,1,147.13,56.32,2.811,3,2,4.01459970075709
2,21.25,848.1,2,248.48,122.18,3.078,1,3,5.50704177576851
1,25.71,1112.3,1,91.66,118.11,3.064,1,1,4.9757417544458
1,27.45,1385.1,2,342.94,130.63,3.368,2,1,8.63702882037591
2,28.88,861,1,164.13,107.34,2.253,1,1,4.07177675861359
3,24.2,982.4,1,118.12,181.54,2.995,1,1,5.50570005785042
1,28.53,932.3,1,194.73,318.54,2.422,3,1,5.4231577485744
1,26.74,1250,1,116.66,227.03,3.201,2,3,6.37256426009792
2,23.67,1076.2,1,168.04,182.21,3.225,1,1,6.03760668775457
1,24.43,1502.7,1,171.75,139.29,3.919,1,3,7.47720381330677
3,21.54,1216.6,1,270.21,140.57,3.718,3,1,6.90505907302173
1,22.44,1128.6,1,129.32,227.22,3.457,3,1,6.22850867768753
3,24.83,953,1,140.26,240.09,2.871,1,1,5.28245955546333
1,24.62,906.7,1,173.38,104.52,2.809,3,2,4.89390992640062
2,25.14,863.7,1,240.77,207.21,2.673,2,1,5.47538316517585
1,19.89,1113.7,1,367.84,80.4,3.714,2,2,7.12756659881218
1,21.19,1118.6,2,322.01,80.06,3.578,3,1,7.33016949617104
1,20.71,1176.3,1,247.28,276.01,3.737,1,1,7.15247033386982
1,24.19,962.2,1,73.32,138.17,2.959,2,1,5.19886861252827
2,21.52,1175.7,1,245.93,137.98,3.645,3,1,6.84790578233716
1,24.69,1252.1,1,226.49,209.91,3.433,1,1,7.07881641169843
3,21.33,1836.4,1,122.31,124.57,4.873,1,1,8.477711405702
3,25.74,1755.2,1,129.41,93.35,4.233,2,2,8.26612073422417
1,24.38,941.9,1,91.98,144.54,2.901,1,3,5.12211685607316
1,20.9,1219.7,1,163.61,63.67,3.795,3,2,6.80453544616091
1,23.72,1057.6,1,170.94,110.21,3.185,2,1,5.96242133567802
1,21.94,1225.2,1,78.13,126.79,3.689,3,3,5.86327456435257
1,24.11,999.8,1,84.05,71.65,3.036,1,1,5.24238777224788
2,24.61,944.8,1,177.13,147.55,2.88,1,1,5.3342914528228
2,21.46,966.5,1,106.36,98.19,3.27,2,2,5.52333035977932
1,20.63,1227.2,1,144.86,222.88,3.839,2,1,6.80976622698525
2,24.75,1068.5,1,252.31,119.99,3.091,3,2,6.18263184609401
1,27.92,1112.1,1,137.28,83.75,2.818,2,1,5.82155309731348
1,26.25,1055.9,1,173.6,151.16,2.9,1,2,5.63141676650362
1,21.13,1088.7,1,213.63,132.75,3.531,3,1,6.35573171777795
3,24.24,1078.7,1,102.04,138.38,3.166,2,1,5.71187088976079
1,22.85,1103.5,1,278.78,149.57,3.365,2,2,6.75284522109717
1,23.9,952.5,1,242.78,114.12,2.973,2,1,5.78728096639961
3,23.39,1739.3,1,282.39,117.58,4.466,1,1,9.23326071169567
1,30.73,830.7,1,137.26,181.23,1.992,3,1,3.57467848216598
3,21.22,1010.7,1,88.33,279.83,3.378,1,1,6.13424794177534
1,23.3,1187.8,1,204.35,57.82,3.469,2,3,6.52976890789781
1,17.66,1241.3,1,213.88,127.98,4.195,2,3,6.55294148966552
1,24.77,873.2,1,483.67,209.97,2.732,3,1,7.09599839072489
1,26.29,1126.3,1,341.34,80.54,3.025,3,1,7.08258780922669
2,27.61,766.5,1,135.02,228.16,2.221,1,2,3.82595128194721
1,17.22,1304.1,1,107.27,114.87,4.358,1,1,7.0888021615367
1,24.24,992.7,2,214.11,186.1,3.009,2,1,5.97532293940319
1,27.78,710.7,2,383.41,261.46,2.101,2,1,6.10071051198258
1,21.76,734.4,1,99.53,202.55,2.814,2,1,5.0502050345011
3,22.68,1333.2,1,118.09,233.02,3.804,2,1,7.04376442330797
1,22.89,1162.4,1,345.45,51.01,3.469,3,1,7.51289035077587
1,24.1,950.8,2,358.83,77.24,2.949,1,1,6.45171683864478
2,25.66,971.9,1,178.65,175.95,2.813,3,1,5.65058825380253
3,24.98,1685.7,1,82.68,90.73,4.192,2,3,8.25863273015934
1,22.71,1099.4,2,130.64,106.39,3.373,3,1,6.4098612841167
1,23.59,824.3,1,270.02,251.27,2.774,3,1,5.90554687404259
1,30.46,1244.3,1,410.45,143.14,2.776,3,1,7.34733206507042
2,25.08,1301.1,1,163.38,138.69,3.479,2,1,6.9240952537623
2,24.47,973.7,1,125.8,121.89,2.949,3,1,5.0449174992995
1,18.97,983.5,2,187.25,66.88,3.578,2,1,5.86225322209716
1,23.01,1190.9,2,174.92,58.99,3.508,1,1,6.21026175625079
2,23.45,1019.6,1,111.8,123.4,3.146,3,2,4.98018818627271
1,22.97,1109.6,1,211.48,159.11,3.364,2,1,6.35391198660822
3,22.14,1491.7,1,296.83,75.69,4.154,3,1,8.17385028628324
1,20.94,857.8,1,165.4,60.93,3.13,2,3,5.20339136027257
1,20.84,1388.7,1,214.54,239.44,4.11,2,1,7.59850405587101
1,22.36,1240.2,2,183.07,170.23,3.67,2,2,6.50195229891246
1,27.1,715.9,1,200.1,168.36,2.185,3,2,4.90159873323661
1,26.15,1023.6,1,150.22,204.22,2.853,3,2,5.04193052720456
1,21.92,1623.5,1,273.53,173.88,4.418,1,3,8.89571731253873
3,20.47,1352.3,1,181.5,85.08,4.085,2,1,7.03606421968023
1,20.47,996.4,2,132.86,236.76,3.435,3,3,6.43790805442732
2,22.86,1084.4,1,214.97,77.1,3.33,1,1,5.9362325052777
3,23.16,1029.5,1,246.97,109.91,3.197,2,1,6.43376998224396
3,22.01,840.1,1,159.37,157.62,2.979,3,1,4.48090892572451
1,29.02,1248.1,1,52.76,153.98,2.944,2,3,6.13241895727067
1,22.18,1110.6,1,329.47,176.57,3.453,3,3,7.23523358093166
3,21.18,1271.8,1,119.6,200.58,3.859,3,1,6.98128153066458
1,22.58,1434.3,2,141.82,94.89,4,2,2,7.43812425868237
1,19.98,821.6,1,327.03,76.76,3.17,1,1,5.71099347202835
1,23.47,1112.5,1,73.48,80.95,3.314,3,1,4.55777841577601
1,23.7,1032.9,1,102.82,175.41,3.142,3,2,5.25235573059646
1,24.07,1592.5,1,119.66,110.69,4.123,3,2,7.42147413797761
2,19.95,1206.2,1,94.2,163.27,3.876,2,1,6.40392750888157
3,23.33,994.5,1,262.76,229.8,3.113,2,1,6.2789634638058
3,23.47,1001.1,1,281.38,100.88,3.11,2,1,6.37751167077026
1,18.74,863.2,1,203.46,204.91,3.385,2,3,5.46277324039447
1,25.87,1096.3,1,136.49,102.09,3.017,2,2,5.97382939012153
2,25.96,781.1,1,137.41,178.74,2.431,2,1,5.17174200400626
1,29.9,694.3,1,129.24,138,1.835,2,1,4.20765735590833
1,23.47,917.9,1,131.64,93.19,2.958,1,1,4.82542511922448
1,23.14,1224.1,1,201.91,207.03,3.554,1,3,6.59582159730155
1,23.29,752.6,1,241.98,187.33,2.677,1,2,5.19645583097398
1,23.21,1107.5,1,135.5,92.44,3.333,3,1,5.20419203104012
1,17.45,1016,1,188.34,138.22,3.806,1,1,6.1066063698184
3,20.49,1206.6,1,59.73,416.45,3.816,3,1,6.00901388863923
1,22.77,1083.8,1,169.87,97.36,3.339,1,1,5.7469835895665
3,22.13,1457.3,1,113.28,126.23,4.092,3,1,6.92976343066982
1,23.16,738.7,2,262.23,253.37,2.665,3,2,5.99177611772461
3,19.83,1145.4,1,272.13,82.91,3.778,2,2,6.82423609915029
1,18.5,1127,1,64.73,391.01,3.892,1,1,6.11278203770705
3,21.35,1026.4,1,243.33,101.08,3.392,1,2,5.73183252011483
3,24.48,1175.5,1,129.36,107.84,3.316,3,1,5.59720349702008
1,19.7,917.8,1,153.43,133.62,3.377,2,2,5.68574903145242
3,21.8,1274.2,1,240.88,219.02,3.794,1,1,7.30180099232796
1,23.24,1368.4,1,220.4,500,3.806,1,3,7.6536106058157
1,22.03,896.8,1,116.17,168.45,3.08,2,1,5.64719109485499
3,23.22,1609.2,1,188.43,178.96,4.248,2,1,8.33006603067441
1,29.92,1024.8,1,134.9,73.88,2.436,2,1,5.27416997987001
3,21.31,1235.2,1,279.87,144.72,3.777,1,3,7.24607426475139
1,22.08,1048.2,1,84.4,47.69,3.35,1,3,5.5318198385468
3,22.22,900.2,1,232.96,121.2,3.064,1,2,5.71974226602812
2,27.78,1150.1,1,296.92,260.03,2.902,1,1,6.31710735267283
1,20.69,1288.7,1,54.32,124.49,3.944,2,1,6.13335115682628
1,22.75,1346.9,2,216.55,132.49,3.821,3,3,7.96072861985601
3,24.18,1085.2,1,140.99,138.3,3.184,2,1,5.69282310519443
1,19.82,1389.1,1,172.37,128.66,4.224,3,3,7.1695736214873
3,25.48,1255.8,1,146.67,142.1,3.351,1,2,6.49939087627786
2,25.69,926.6,1,220.67,69.5,2.727,1,1,4.90991987119852
1,19.78,969.8,1,243.95,109.8,3.464,1,3,6.02887885024058
1,24.36,1295.2,1,211.59,116.8,3.547,3,3,6.89411583268438
3,22.68,1183.9,1,157.23,175.04,3.532,2,1,6.99286894342212
1,23.94,1022.9,2,137.38,149.03,3.097,3,1,5.52893178394956
2,23.78,966.2,1,154.97,97.07,3.012,2,1,5.7698820322452
1,26.21,1142.4,1,149.35,198.14,3.063,3,1,5.69745866826242
1,18.95,679.6,1,179.45,234.29,3.026,1,1,5.52502113331255
3,22.22,1362.6,1,115.9,77.03,3.909,1,1,6.93586067828336
3,22.63,1355.4,1,210.82,147.5,3.851,1,3,7.14552846763827
1,20.01,1119.5,2,107.66,97.48,3.711,2,1,6.08393391826134
1,19.88,1125,1,87.59,103.77,3.735,2,1,5.62006078175926
1,22.95,1062.4,1,183.51,163.77,3.28,2,2,5.91596709091171
1,22.6,982.5,1,196.2,197.51,3.172,3,1,5.71953963789256
1,15.35,1130.8,2,254.22,160.91,4.25,1,1,7.26781024196625
1,26.12,844.1,1,223.88,107.2,2.528,3,3,4.87936010790589
1,23.75,1069.7,1,180.57,224.43,3.204,2,3,6.17574813930365
1,30.25,2042.2,1,220.62,214.9,4.256,1,1,9.64803137806868
2,25.71,1333,1,108.48,87.62,3.466,1,1,6.45484949093298
1,21.66,1197.7,1,101.35,156.2,3.67,3,3,6.15559347548654
1,31.39,891.1,1,98.18,81.24,2.028,2,1,4.5014092473905
1,31.5,1057.7,1,167.64,260.65,2.321,1,3,5.68409589909881
2,20.95,789.7,2,217.82,153.24,3.004,2,3,5.57309780960141
1,24.41,991.3,1,241.69,218.28,2.988,3,3,6.03517922064143
3,22.68,1045.8,1,308.82,161.48,3.279,3,1,6.22001457511348
1,23.56,1177.8,2,189.16,129.55,3.422,3,1,7.1014421162028
1,23.68,843.1,1,155.77,189.66,2.798,1,2,4.94489879288685
3,21.11,1219,1,124.22,83.29,3.77,1,1,5.98330093192884
1,23.86,954.5,1,183.22,71.97,2.982,2,2,5.56902477775715
3,25.62,1233,1,160.05,102.72,3.294,2,2,6.83333493788023
1,22.51,919.8,1,143.28,152.8,3.069,2,3,5.51982282742735
1,22.51,986,2,123.39,113.13,3.189,1,1,5.65627172415453
1,27.2,1048.4,1,107.31,110.57,2.782,3,3,5.06363765007141
1,25.7,995.8,2,108.36,204.56,2.853,2,2,5.58587564073113
1,18.05,1313.1,1,306.88,108.77,4.282,1,3,7.79994311334847
3,23.34,1169.9,1,182.95,209.49,3.432,1,1,6.6009712577475
2,28.13,1032.8,1,137.03,96.45,2.649,3,2,4.34066580023976
1,27.25,1304.6,2,84.13,121.3,3.244,1,1,6.41577817828939
2,25.05,1065.7,1,178.52,94.19,3.052,1,1,5.20526250679892
1,25.16,1285.9,1,133.18,112.5,3.441,3,2,6.14001110134996
2,21.01,875.1,1,158.6,81.16,3.154,1,1,5.21252997836281
3,23.45,1465.6,1,150.64,165.76,3.96,1,2,7.0693104315198
1,20.14,1161.6,2,228.68,229.73,3.774,2,1,7.36979578254365
3,22.31,1420,1,159.76,154.15,4.003,1,1,7.16512712449889
1,25.81,926.4,1,152.51,290.66,2.714,1,1,5.50797817082295
3,21.29,1463.3,1,450.46,65.64,4.195,2,1,8.37203528316615
1,23.8,931.8,1,260.97,97.37,2.947,2,1,6.28550138744249
3,23.64,1373.7,1,173.82,171.57,3.771,3,1,6.90831693966432
1,23.16,985.7,1,120.59,180.06,3.116,3,1,5.00200975506571
1,28.47,984.7,1,271.36,157.16,2.524,1,3,5.07187798742398
3,21.47,1146.6,1,110.7,295.01,3.598,1,1,6.71054138163773
1,24.82,1338.9,1,161.16,285.94,3.576,1,3,6.46861365704141
3,22.87,1157.2,1,236.23,71.12,3.462,3,2,6.52015184393069
1,22.22,779.7,1,138.13,112.94,2.845,3,1,4.35537963276472
3,23.7,1383.3,1,140.74,71.92,3.782,1,2,6.42517100111051
2,21.45,1477.9,1,198.3,86.02,4.205,2,1,7.68321926489814
1,19.06,961.6,1,174.52,151.76,3.528,2,3,5.94630259644239
2,22.76,995.5,2,147.97,158.87,3.178,2,1,5.94319203030437
3,25.63,1335.5,1,150.5,96.13,3.48,3,1,6.05360158631988
1,23.17,1188.9,1,182.98,155.4,3.486,2,1,6.88246873053094
1,23.99,954.3,1,200.53,98.4,2.966,3,3,5.59416343413127
1,22.43,941,1,284.96,151.84,3.116,3,2,6.73849024377119
1,24.41,843.1,1,137.67,142.93,2.717,3,1,4.28718025728507
2,21.62,997.2,2,287.68,119.83,3.309,1,1,6.16397699002869
1,26.47,1143.3,1,88.3,88.76,3.035,1,1,4.99234665213755
1,24.75,937.9,1,125.08,110.56,2.852,1,3,4.53459642005312
3,21.79,785.2,1,92.61,169.04,2.903,2,3,5.42164714225791
1,23.16,979.9,1,187.58,109.15,3.105,2,2,5.04427031303697
1,25.15,854.5,1,196.67,117.64,2.656,1,2,4.43533620217316
1,24.67,1029.1,1,92.1,84.54,3.027,2,3,5.20766583827898
1,27.45,1233.8,1,167.86,112.1,3.093,1,1,5.80349113133746
2,22.47,765.9,1,111.59,134.44,2.792,1,1,4.44379344988768
3,24.67,1152,1,202.86,98.35,3.251,2,1,6.73192379072506
1,26.11,972.5,1,85,114.69,2.764,1,1,5.06469371418111
3,22.76,1260.3,1,237.45,83.39,3.662,1,3,6.45198624973777
3,21.54,1583.4,1,161.41,189.55,4.388,3,2,8.03264624301734
1,19.73,935.3,1,105.95,362.49,3.406,1,3,5.41666281452476
3,23.69,1149.5,1,158.8,112.55,3.357,1,2,6.21923488249075
1,22.79,852.2,1,146.94,167.21,2.914,2,2,5.01674302505241
2,28.45,669.3,1,140.9,274.33,1.951,1,1,4.01560531412843
1,24.61,1269,2,87.1,114.6,3.473,3,2,5.93890926384738
2,23.07,1096.7,1,128.3,114.36,3.329,3,3,5.56462249469797
1,19.92,1310.4,2,152.82,181.17,4.069,1,3,7.3633482655797
1,21.25,969.6,1,87.63,89.07,3.299,1,1,4.86169387606903
2,24.86,936.3,1,187.02,125.87,2.837,2,1,5.71433593781024
3,22.32,963.5,1,294.66,106.33,3.169,3,1,7.29085060201941
1,24.54,903.2,1,229.27,88.46,2.812,1,1,5.1998275983202
1,22,1102.8,1,117.19,163.83,3.459,1,3,5.77267876838632
1,22.68,990.8,1,124.45,127.8,3.179,1,1,5.19671525444186
1,20.81,1155.1,1,134.98,356.07,3.687,1,1,6.63223814495806
2,28.76,583.6,1,212.74,38.48,1.759,3,2,3.45907499611178
3,23.5,1134.6,1,161.75,181.01,3.35,2,1,6.14655544282423
2,24.58,1034.5,1,110.12,94.4,3.048,3,3,5.43537851002021
1,17.92,1008.3,2,86.56,119.71,3.74,2,2,6.11160206034843
2,25.65,954.2,1,208.57,83.83,2.782,3,3,5.5060815743763
1,19.93,973.1,1,105.59,175.71,3.453,1,1,6.03836378519398
1,20.33,1232.6,1,203.13,248.08,3.882,1,1,6.82622453672457
3,24.38,1434.8,1,169.67,168.89,3.801,1,1,6.83691297909759
2,22.87,783.5,1,223.47,90.68,2.78,2,1,5.29118953769652
1,17.75,874.5,1,261.75,278.31,3.515,3,1,6.50664520183205
1,28.31,1127.1,1,89.89,126.4,2.802,2,1,5.89473867065644
1,15.87,1052.1,2,253.88,147.15,4.049,3,1,7.66403986279366
2,25.43,1120.1,1,220.27,132.99,3.109,1,2,6.17593597360436
1,26.05,853.8,1,144.36,123.51,2.554,1,3,4.04740187166999
1,21.11,1153.8,1,163.11,140.9,3.651,1,1,6.55828045506097
2,25.11,1091.9,2,202.39,86.03,3.093,2,1,5.85115620893366
1,24.32,1140.4,2,217.73,226.79,3.27,3,3,6.95968780608199
1,26.12,885.8,1,79.45,181.09,2.605,3,1,4.36067103083847
2,25.21,787.9,1,305.58,140.77,2.527,2,1,5.35947305398433
1,22.27,1020.9,1,90.47,206.8,3.28,2,3,6.21671029542507
1,25.75,676.6,1,67.98,79.01,2.264,2,3,4.01363054735536
3,24.2,997.6,1,246.65,220.03,3.022,1,1,5.47643372213671
1,20.19,906,2,86.58,149.34,3.301,2,1,5.991047240492
1,18.8,911.4,1,149.55,169.95,3.466,2,3,5.77187295622307
1,23.48,885.7,1,92.86,111.03,2.898,2,1,4.9246671294992
3,22.59,1155.5,1,76.78,96.05,3.49,2,1,6.16725375587494
1,20.04,1018.5,1,136.34,106.66,3.523,1,1,5.39043647579277
3,23.13,665.8,1,216.5,215.31,2.536,2,1,4.98777901260105
1,19.04,1473.3,1,188.1,220.59,4.464,2,2,8.14980901695383
1,23.48,1296,2,125.22,271.05,3.647,2,1,6.42442350146291
3,22.06,1582.6,1,163.39,132.24,4.328,1,1,7.70633420710589
1,25.87,935.7,1,157.74,97.18,2.723,3,3,4.5962136996767
1,30.27,1201,1,162.85,261.31,2.718,3,1,5.80211992410495
2,21.71,1109.7,1,136.11,68.25,3.504,1,1,6.16278705769185
1,26.17,719.3,2,191.73,126.67,2.295,2,2,5.05095491446353
3,24.24,1640.3,1,103.87,177.66,4.191,3,1,7.19245009250849
2,23.82,1050.6,1,193.08,81.14,3.161,3,1,5.66244986683446
3,22.32,1225.3,1,142.41,68.01,3.647,1,1,5.91728461083884
2,27.94,1198,1,142.64,168.89,2.972,3,3,5.3001418838996
1,16.98,796,1,221.96,279.13,3.457,2,1,5.13785861642549
2,22.39,923.2,1,137.18,98.97,3.088,1,1,5.04576449675157
2,20.41,655.8,1,108.25,100.21,2.82,3,3,4.21346087564382
3,25.09,1256.5,1,98.7,89.49,3.396,1,2,5.95076081925305
1,22.43,1019.1,1,218.52,262.74,3.259,3,1,5.99880003911707
1,21.43,761.5,1,61.08,99.27,2.9,1,1,4.14434898521049
1,32.55,898.9,1,137.8,93.73,1.913,1,1,4.19373125170559
1,22.85,944.5,1,177.66,95.13,3.076,1,1,5.54706734457431
2,22.89,1289.1,2,91.75,104.71,3.7,3,1,6.68335150184889
1,23.9,963.5,1,164.97,104.25,2.994,1,2,5.14248090339428
1,18.29,1343.2,1,218.63,177.92,4.31,2,3,7.63332239267159
3,23.74,1110.1,1,75.81,155.41,3.279,1,2,5.18485357668003
3,22.86,1402.3,1,112.86,167.81,3.911,3,2,6.75232298556229
1,24.41,811.8,1,347.59,102.76,2.66,2,1,5.94583283861006
3,21.53,1448.7,1,124.57,187.49,4.143,3,1,7.21119508339408
1,19.93,1089.4,1,109.14,35.21,3.665,3,1,5.64529838530444
1,20.92,998.7,1,114.28,224.23,3.389,3,3,4.86363329243573
2,22.08,1143.7,1,136.79,148.54,3.525,2,2,6.39986422961014
3,24.95,981.2,1,178,113.56,2.909,2,1,5.59899085604728
3,25.37,851,1,122.01,167.87,2.625,2,1,4.68186336873982
1,22.53,1169.1,1,179.19,78.98,3.521,1,1,6.08534452048336
1,21.92,1242.9,1,221.6,102.64,3.723,2,3,7.02980367639252
3,22.51,1288.6,1,189.72,142.68,3.742,1,1,6.52983556173845
2,24.17,778.4,1,226.15,67.93,2.625,2,1,5.08899158218019
1,23.29,1288.3,1,117.07,133.52,3.654,3,2,5.86274631303718
1,23.87,1005.6,1,156.13,133.75,3.074,1,1,5.10171673731602
3,21.88,1343.4,1,218.08,120.1,3.912,1,1,7.71646836419063
3,21.73,1512.7,1,168.37,76.56,4.237,1,2,7.73534546950714
1,26.59,1130.3,1,180.03,228.16,2.999,1,1,5.42606961175536
1,21.35,1044.6,1,168.08,70.3,3.425,3,3,5.67444228907807
3,23.45,1452.3,1,177.77,70.56,3.935,1,1,7.1467854046911
3,22.91,1291.5,1,162.77,104.95,3.702,3,3,6.44026566696713
2,21.61,1009.2,1,103.14,270.38,3.332,2,1,6.27669891536162
1,24.77,808.4,2,177.1,142.53,2.613,1,2,5.62425482334666
1,23.52,1020.7,1,135.57,152.53,3.14,2,3,5.62435066829342
3,25.1,1058.6,1,302.6,123.5,3.034,1,1,6.37530376839646
2,24.29,873.3,2,131.36,153.29,2.785,1,2,5.39850071224573
2,23.17,1399.4,1,175.46,180.04,3.87,2,1,7.59665256849556
1,23.83,1338.2,1,71.17,186.08,3.685,3,1,6.27439138187555
1,19.44,973.9,1,124.35,249.77,3.508,2,3,6.31982975714902
1,20.49,905.9,1,115.71,96.23,3.267,3,1,5.04675535544756
3,23.77,1312.1,1,277.49,126.71,3.645,2,2,6.87139342130163
3,22.5,1183.7,1,154.27,163.32,3.551,3,1,6.37935729944689
1,22.8,687.8,1,174.93,196.05,2.613,2,1,4.4660790773738
3,22.83,1010.3,1,186.85,117.25,3.198,3,1,5.50104813043985
1,21.05,833.1,1,131.28,181.45,3.073,3,1,4.90190727063583
1,16.94,1440.3,1,186.89,106.56,4.637,2,3,7.12821170499505
2,24.87,1181.4,1,311.84,116.81,3.283,1,3,6.58078738477985
1,25.28,1037.5,1,213.75,213.02,2.975,3,2,6.17558471155947
3,21.07,1123.8,1,222.77,58.93,3.601,1,2,6.13896309925996
1,27.45,1425.6,1,115.41,149.97,3.442,3,1,5.83194403613845
1,24.16,952.3,1,177.48,205.02,2.945,1,2,5.35784689104639
1,27.02,1334.6,1,186.3,116.64,3.323,1,2,6.22417262943592
1,20.13,1359.3,1,124.55,179.38,4.135,1,1,7.23660147463878
1,23.5,1088.3,1,172.89,99.34,3.266,2,1,5.91586645468404
1,22.7,1153.8,1,380.21,146.66,3.474,3,1,7.46507564905061
1,25.31,1532.6,1,108.75,136.52,3.876,2,1,7.59830234815424
3,22.14,1362.7,1,208.01,134.21,3.918,2,1,7.57169212507743
1,22.97,1035.2,1,104.26,77.16,3.228,3,1,5.43017941324477
1,17.66,1013.7,1,191,126.46,3.779,2,3,6.51774083384346
1,20.67,737.5,1,105.69,94.71,2.941,3,1,4.08686339156731
3,23.19,1327,1,211.34,115.87,3.736,2,1,7.49271487104106
3,21.94,1418.3,1,95.99,214.17,4.042,3,1,6.49290507596026
3,22.93,1762.7,1,165.92,105.7,4.56,2,2,8.6868820341149
2,22.83,1135,2,290.71,133.97,3.426,1,2,6.29341313656656
2,25.52,714.9,1,149.66,142.29,2.36,2,1,4.73265690774548
1,26.51,1088.9,1,157.22,124.96,2.933,3,3,5.04132235413963
1,20.53,1198,1,298.57,194.4,3.796,1,1,7.28886125514359
1,22.08,788,1,390.48,133.39,2.876,3,2,6.49950565577408
1,27.32,955.5,1,472.05,145.6,2.599,2,3,6.45500997363567
1,16.4,1120.3,1,139.17,91.56,4.114,2,1,6.60608399708947
1,22.04,1231.1,1,105.09,114.71,3.689,1,1,6.53915411833572
3,26.1,845.8,1,216.87,102,2.534,2,1,5.37588893033782
1,29.58,1134.6,1,197.9,167.78,2.674,1,1,5.14712183770365
1,23.47,1107.3,1,283.86,226.62,3.304,1,1,6.19248190404953
1,20.41,899.3,1,175.32,110.79,3.265,3,2,4.99943802575123
1,23.5,924.2,1,176.11,50.85,2.967,1,2,4.93456877700668
1,21.04,997.6,1,312.79,93.39,3.374,3,1,6.65113897866557
1,27.36,1047.6,1,176.2,89.78,2.762,1,3,5.28044506962098
1,20.58,1385.7,1,219.75,229.58,4.133,1,1,7.97115770279725
1,24.12,1374.2,1,202.05,144.83,3.719,2,3,7.22823123185315
3,23.93,1427.3,1,161.41,272.24,3.837,3,3,7.61911936336328
1,20.73,957.6,1,131.07,162.4,3.336,1,1,5.44744330450691
1,25.55,822.2,1,142.52,68.39,2.552,2,1,4.36518022698781
2,22.13,896.6,1,71.92,169.32,3.068,2,1,5.35207918338883
1,24.89,1030.2,1,283.05,97.53,3.005,2,1,6.48896119276188
3,24.64,1749,1,83.56,135.96,4.344,2,1,8.25008786382865
1,20.03,812.2,1,128,129.93,3.147,3,3,5.02151878090735
1,26.32,891,1,140.55,127.51,2.592,3,1,4.95878489239073
1,21.53,1079.3,1,274.42,117.34,3.468,3,3,6.61553594799482
1,23.88,774.5,1,168.58,318.91,2.65,1,2,5.33018221217491
3,23.3,919.1,1,245.6,265.69,2.979,3,2,5.87123035004504
1,21.72,850.8,1,145.17,91.6,3.031,3,1,5.27646891198175
3,23.4,1287.3,1,334.44,148.46,3.64,3,1,7.72562496120984
3,21.15,1128.6,1,202.27,226.6,3.6,1,2,6.54646355811867
1,22.59,1104.1,1,207.51,221.74,3.396,1,1,6.55766689880112
1,25.48,871.7,1,238.75,91.35,2.651,3,1,5.35218743091123
1,16.48,1015.5,1,87.66,254.14,3.914,1,1,6.70594519653557
1,18.54,1072.3,1,163.75,99.42,3.789,3,1,6.34857386773337
2,21.1,1109,1,180.16,143.79,3.571,1,1,6.56636124417883
1,18.23,836.8,1,118.78,146.5,3.393,3,2,5.35061690885525
1,24.26,809.8,1,165.34,57.97,2.673,3,2,4.33868792820338
3,21.51,1173.3,1,121.09,128.12,3.642,1,1,6.53654914652939
3,19.75,1963.5,1,180.57,53.51,5.28,1,1,9.13601590832362
2,22.41,994.4,1,77.09,56.79,3.216,2,3,5.57248139344458
3,22.41,1220.1,1,185.6,156.71,3.627,3,1,6.3310013895383
3,24.29,1189.2,1,125.55,158.16,3.363,3,2,6.13844405383991
3,21.34,1335.8,1,245.09,209.48,3.957,3,3,7.66312634968196
3,24.74,727.7,1,71.17,160.87,2.47,3,2,3.69164391628137
3,23.6,938.1,1,167.48,100.79,2.981,3,1,5.7304633013405
1,24.09,1014,2,149.76,95.27,3.065,3,3,5.51339790297686
1,20.44,1334.1,1,245.22,194.27,4.055,2,2,7.99992117218533
2,28.88,939.2,1,84.1,258.84,2.395,2,1,5.07912020288604
3,22.75,844.2,1,130.3,193.77,2.903,2,1,5.24211434168369
2,19.44,1259.4,1,222.53,149.67,4.03,3,1,7.29828174959306
1,22.39,915.1,1,213.37,131.83,3.073,3,1,6.18111459302623
1,17.2,1121.6,1,191.35,280.04,4.028,1,2,7.49660554171781
3,22.53,923,1,185.93,44.98,3.072,2,3,5.48080322871381
2,22.94,1057.9,1,81,211.21,3.272,3,1,5.34978747302686
1,25.05,1456.7,1,236.08,126.18,3.766,3,1,7.49826921089264
1,26.03,1045.5,1,180.27,82.42,2.906,3,2,4.91051258040558
2,22.18,1308.3,1,76.12,197.06,3.814,1,1,6.03165404117415
1,25.42,1014,1,152.81,87.97,2.917,2,1,5.57455916461101
1,27.27,1196.9,1,246.6,158.35,3.044,2,1,6.76190856210183
1,20.65,1011.1,1,221.77,147.6,3.442,2,1,6.03701719364259
1,21.04,1167.6,1,125.81,144.72,3.684,3,2,5.84167599131858
1,24.95,1037.1,2,241.81,59.74,3.011,2,1,6.30903485592285
3,23.27,1083,1,138.97,146.09,3.281,2,1,6.57787217598969
1,24.65,1293,1,193.45,109.2,3.512,3,1,6.45985122316918
3,25.11,859.5,1,243.97,99.46,2.67,1,2,5.39345234375865
2,24.97,994.4,1,194.15,80.38,2.931,3,1,5.2742798746776
1,26.16,1211.9,1,124.67,82,3.196,3,1,5.63120653039471
1,24.87,1269.2,2,232.98,93.39,3.444,2,1,7.88664932084457
1,24.3,1243,1,308,236.43,3.459,1,1,7.27094017879362
1,24.16,990.2,1,110.87,185.06,3.013,1,1,5.05066680629956
1,26.87,1530.5,1,152.24,153.56,3.698,3,1,6.49566140769237
1,19.99,737.3,1,251.88,291.21,3.015,3,2,5.68267237403233
1,19.68,829.4,1,114.56,278.02,3.218,1,1,5.68092835416547
2,25.48,898.7,1,79.27,202.94,2.7,1,1,4.50767559245569
1,22.64,935.5,1,133.33,80.38,3.082,3,1,5.20834787221254
1,23.22,1354.4,1,258.69,256.78,3.782,2,1,7.77880885397708
1,25.22,963.1,1,92.26,124.26,2.846,3,2,4.15641376927443
1,25.26,1086.6,1,148.03,122.05,3.067,1,1,4.93867747980032
1,22.21,960.3,1,247.46,151.04,3.175,1,1,5.59488770628015
1,22.06,1531.4,1,167.8,139.78,4.234,3,1,7.6462922950137
1,23.22,1403,1,209.25,109.17,3.871,1,2,7.02824926424237
1,26.19,1009.9,1,327.77,184.22,2.824,2,1,6.35308492269864
1,24.28,1228.7,1,241.11,109.74,3.436,2,1,6.95623776491655
1,27.3,894.3,1,211.42,105.79,2.489,3,1,4.55573340191621
3,22.99,1233.5,1,202.61,121.42,3.588,1,1,6.85569924924838
3,24.69,1065.1,1,100.58,97.02,3.091,3,1,4.83976772931918
2,26.21,968.6,1,234.89,145.52,2.746,1,1,5.34757849348979
3,23.92,1388.8,1,207.06,130.18,3.768,3,1,6.88100825349432
3,23.62,1581.8,1,195.23,119.2,4.153,3,1,7.96667333444862
3,22.58,1154.8,1,168.53,167,3.489,3,2,6.34925503773563
1,22.67,907.4,1,95.89,60.47,3.028,3,2,4.41142106660499
1,23.69,918.2,1,175.57,152.04,2.934,1,2,4.65661431375067
1,23.15,1143.4,1,280.24,202.79,3.406,3,1,7.04899851143156
1,25.83,787.4,1,126.86,200.92,2.458,3,3,4.39199997166016
3,22.84,1401.4,1,76.57,366.04,3.911,1,1,7.33705765130855
3,22.89,1092.4,1,358.96,102.32,3.341,2,3,7.3034979226809
1,21.55,1510.3,1,129.44,87.98,4.253,1,1,7.11873150098768
3,22.79,1755.4,1,266.93,157.1,4.562,2,1,8.96625552741134
1,22.79,957.3,1,214.39,64.33,3.105,3,1,5.1837022292594
3,19.53,1754,1,332.51,232.65,4.922,2,1,10
3,20.95,1359.7,1,161.57,85.4,4.044,2,1,7.00259655376273
1,22.78,1150.5,1,144.79,165.14,3.459,1,3,5.87492955379949
1,22.2,954.9,1,343.19,117,3.166,1,2,6.22107778885002
1,19.4,1226,1,410.93,47.27,3.973,3,1,8.26494951644994
1,17.03,1137.4,1,188.3,152.51,4.075,3,1,6.7276375035109
2,23.11,833.7,2,176.79,83.31,2.844,3,1,5.93236916609302
2,25.63,1137.7,1,225.43,204.69,3.119,1,1,5.96845513064346
1,28.32,1211.4,1,123.63,45.79,2.954,3,2,5.54190766226544
1,22.88,1340.9,2,203.2,128.25,3.795,2,1,7.70634572903615
1,27.48,1524.7,1,108.06,85.16,3.62,2,1,7.80163899407527
3,23.12,1053.1,1,144.97,224.18,3.243,2,1,6.17091508469311
1,23.35,1026,1,230.51,98.4,3.169,3,1,5.95413720056484
1,23.97,962.8,1,118.97,205.88,2.984,1,2,5.06239424205039
1,20.39,1630.9,1,236.06,110.42,4.602,1,1,8.12163083255954
1,22.84,789.8,1,203.58,143.99,2.794,2,1,5.15607430624605
1,25.73,874.6,1,302.34,260.14,2.628,2,3,5.97662041672804
1,20.75,1267.2,1,412.53,100.42,3.898,1,1,7.69521190646241
1,22.04,907.6,1,128.84,304.71,3.099,3,2,5.50922639883706
1,19.56,683.2,1,194.16,210.58,2.965,2,1,4.94981356458328
1,24.06,1073.9,1,318.81,240.41,3.177,3,3,5.96873249944735
1,24.27,1062.6,1,178.99,50.15,3.133,1,2,5.44782386137037
2,25.62,1183.1,1,124.62,126.13,3.203,2,2,6.27169833044733
1,19.34,708.5,1,107.69,70.89,3.035,2,2,4.46413203025818
1,23.32,1301.3,1,298.1,190.4,3.674,2,3,7.73763491573969
3,21.58,696.6,1,495.96,233.9,2.764,1,1,6.1525115756711
3,23,1172.7,1,105.44,103.34,3.476,2,1,6.42931620340193
1,27.03,986,1,172.39,108.31,2.687,1,3,4.90393363518871
3,22.24,1192.9,1,84.53,66.18,3.596,1,1,5.70482775314504
1,25.15,1358.7,2,169.42,193.1,3.576,2,1,7.77229700070391
2,22.13,1084.3,1,144.37,260.05,3.411,2,1,6.73003997644432
3,22.28,1328.7,1,163.65,63.92,3.84,3,1,6.53358463260605
1,24.32,660.7,1,500,60.8,2.395,2,2,5.81743587824642
1,20.96,1237.9,1,90.83,225.87,3.821,2,1,6.46431045054599
1,17.89,930.5,1,197.61,247.33,3.602,1,1,6.31241744331261
1,26.8,860.5,1,358.14,160.3,2.484,2,1,6.610995956433
1,24.08,1230.7,1,126.9,151.36,3.461,1,3,6.41701405911417
3,22.12,874,1,116.16,103.17,3.028,2,1,5.29932847221221
1,17.02,894.5,1,167.89,158,3.633,2,3,5.88251562515452
3,25.85,1472.6,1,285.72,111.21,3.706,2,1,7.92300721726698
2,32.48,920.8,1,142.19,336.66,1.962,2,1,5.00624237495044
3,23.31,1500.2,1,106.41,111.35,4.038,1,3,7.29698398749191
1,25.55,1065.5,1,169.49,33.77,2.996,1,3,5.33811173656041
1,26.67,1240.6,2,69.83,169.7,3.191,1,2,5.7709102506981
1,20.89,1105.6,1,87.92,77.8,3.587,2,1,6.23318612423506
1,21.95,1252.3,1,260.89,195.85,3.738,3,2,7.64870754248975
3,20.41,1210.7,1,199.86,68.43,3.833,1,3,7.00868395499159
1,20.79,1310.3,1,65.35,121.18,3.972,3,1,6.41643747812799
3,23.93,1121.2,1,213.8,161.65,3.278,3,1,6.03597879847141
1,22.13,911.1,1,61.82,124.53,3.095,1,1,4.74899915626514
3,22.68,1419.7,1,136.05,57.28,3.962,3,1,6.17107952064895
3,22.83,1058.9,1,186.79,72.13,3.287,2,3,5.96043979780511
1,17.41,1352.9,1,89.69,93.19,4.426,3,3,6.31792521389197
3,24.26,1055.3,1,281.74,279.55,3.121,1,2,6.49405066900561
3,20.83,1092.7,1,275.47,128.5,3.57,1,2,6.67607677525868
1,22.37,1055.5,1,123.51,239.45,3.331,2,1,5.92872765765376
1,21.68,984.1,1,264.75,147.2,3.278,1,1,6.11089660892379
2,23.45,1090.3,1,178.8,109.15,3.275,1,1,5.3543767418922
3,25.19,1337.5,1,216.77,224.22,3.533,3,1,7.20599636399687
3,22.13,1310.6,1,218.7,81.7,3.824,1,2,7.50801838780048
1,20.65,934.6,2,95.36,262.31,3.302,1,1,5.97354032602503
1,18.44,922.2,1,69.59,204.14,3.525,2,1,5.96857858757934
1,20.58,963.1,1,419.53,157.73,3.362,1,1,6.84380370724206
2,21.08,844,1,181.47,175.42,3.089,1,2,5.266331238128
1,24.22,816.7,1,192.93,148.79,2.69,3,3,5.25592817253148
1,20.41,1527,1,99.12,111.46,4.41,2,1,7.71796425499297
1,23.91,694.6,1,266.05,116.7,2.501,2,3,5.30781752294054
1,22.56,1333.7,1,359.18,103.97,3.818,3,2,8.08167460324381
3,20.85,1061.1,1,314.67,235.55,3.511,3,1,7.25982295644794
2,22.02,1118.3,1,69.66,177.37,3.485,3,1,5.56118106285163
3,24.33,1523.5,1,105.75,129.52,3.968,1,1,7.09316461287867
1,25.71,1327.8,1,171.46,81.99,3.457,3,2,6.59433219425913
1,29.02,963,1,221.12,156.66,2.424,3,1,5.01564320064694
2,23.99,753.4,2,130.57,86.95,2.6,1,2,4.21988401750927
1,18.51,1309.3,1,114.24,93.14,4.224,3,2,7.17897883302111
1,20.69,1194.8,1,181.34,335.99,3.772,2,1,6.95943920956632
2,25.02,881.3,1,110.23,73.15,2.719,2,2,5.00981181472234
1,28.7,723.5,2,391.68,91.85,2.022,1,1,4.47312107622037
1,23.33,1246.6,1,75.78,105.04,3.574,3,2,5.50579528135894
3,24.71,1511,1,204.15,104.34,3.903,2,3,8.5190706958612
1,25.3,1030,2,70.47,82.48,2.959,2,3,5.58893365357463
3,21.25,1066.6,1,133.35,125.06,3.477,2,1,6.2348085944073
1,22.49,1252.1,1,308.91,85.74,3.677,2,2,7.50400536049138
1,26.92,932.8,1,264.83,246.66,2.602,1,1,5.11888982297158
1,25.63,1459.9,1,90.78,143.59,3.707,3,1,6.6849239767543
1,24.39,570.3,1,87.89,198.95,2.221,1,2,3.26357595792473
1,24.43,1098.2,1,168.59,72.84,3.18,2,2,6.23746377575559
1,21.53,790.4,1,109.75,135.06,2.942,1,1,4.31984511044707
1,19.04,1133.6,1,195.41,173.17,3.844,1,1,6.71820561158934
3,24.94,1583,1,108.32,141.98,4.008,1,1,7.43156016481444
1,18.74,765.1,2,83.03,136.99,3.205,3,1,4.94488616868624
2,21.65,968.6,1,137.03,85.89,3.253,3,3,5.1971289873844
3,23.94,1474.1,1,97.81,102.83,3.921,1,1,7.0159882063279
1,19.21,1009.5,1,260.91,113.57,3.599,1,1,6.6210934800401
3,22.17,1229.3,1,142.69,95.2,3.671,3,3,6.67542873493702
2,21.04,1015.4,1,161.86,190.79,3.406,1,2,6.78922801549293
3,23.93,974,1,295.59,296.83,3.009,1,1,6.26046233531165
1,24.34,842.1,2,361.99,243.69,2.723,2,1,6.96949011744028
2,25.05,903.4,1,160.83,163.99,2.755,3,1,5.15540157076891
3,23.66,1641.2,1,189.49,128.97,4.257,2,1,8.3330144309883
1,24.67,1310.1,1,286.76,175.53,3.54,1,1,7.14392621370979
3,23.96,1104.2,1,152.74,95.78,3.244,2,1,5.74575096570855
2,19.08,806.2,1,105.61,152.89,3.243,2,3,5.33357092329415
1,22.55,806.3,1,250.87,146.35,2.856,1,1,5.59687030612483
1,23.34,1167.3,1,86.1,48,3.428,1,3,5.43588430847865
1,25.17,1013,1,148.22,315.45,2.942,2,1,5.76361348077371
1,19.44,1219.2,1,138.67,75.27,3.957,3,1,6.43257056686473
1,21.5,912.4,2,131.75,42.37,3.167,3,1,5.74735472864654
3,21.39,984.2,1,51.1,135.91,3.311,3,1,5.35347058361878
3,24.59,1219.1,1,128.21,142.57,3.384,2,1,6.27762066495672
1,26.84,1166.3,1,281.59,135.45,3.037,1,1,6.22161021098893
3,24.18,1330.9,1,134.8,144.68,3.633,3,2,6.93855181415493
3,21.17,957.8,1,126.47,80.33,3.287,3,3,5.04710605126792
1,24.36,979.8,1,123.97,176.82,2.973,2,1,5.30996129290958
1,26.45,1139.6,1,113.46,250.88,3.031,2,1,6.35154414875916
1,23.5,1092.3,1,175.01,93.67,3.273,1,1,6.50316620712957
3,22.15,1224.3,1,211.56,155.69,3.664,2,3,6.74140174206831
2,21.28,1027.5,1,304.27,120.53,3.401,3,2,6.62582680006749
1,21,1140.4,1,84.6,132.31,3.639,3,1,5.66072231785063
2,25.79,1003.2,1,194.55,209.6,2.856,3,3,5.59597800098865
1,21.71,1202.8,1,154.13,153.76,3.674,1,1,6.333881411587
3,23.34,1125,1,185.67,320.42,3.35,1,3,6.6288432791018
1,26.88,1009.7,1,106.14,117.29,2.746,2,2,5.21400353020415
3,23.87,815.8,1,167.7,262.41,2.727,2,1,5.36504026307642
2,27.41,1004.5,1,100.79,111.04,2.678,2,1,5.53488534143132
3,20.45,1323.6,1,217.66,122.66,4.035,2,1,7.40119419848251
1,22.16,1152.1,1,110.07,117.56,3.532,1,1,6.13579499630925
1,23.2,955.6,1,168.98,154.46,3.058,2,3,5.30469591937852
1,24.74,1059.4,1,66.66,167.2,3.076,2,1,5.36733193971489
2,21.08,753.9,1,188.98,144.97,2.925,2,1,5.07220009268589
1,25.42,937.1,1,263.26,177.35,2.776,2,1,5.56779922744095
1,23.92,894.4,1,227.72,96.07,2.865,3,1,5.42401828336658
2,24.66,826.1,1,257.29,122.25,2.658,3,1,5.57002329578032
1,24.53,966.6,1,92.49,181.56,2.93,3,1,4.76006332865944
1,22.65,858.1,1,153.08,215.49,2.94,2,1,4.95010988620595
1,25.78,920.6,1,159.69,157.95,2.707,2,1,5.37881281073774
1,24.94,1271.6,1,223.32,186.23,3.44,2,1,6.7642523359666
3,22.77,1389.1,1,153.18,197.36,3.896,3,1,6.97368871228905
1,26.12,1286.3,1,150.89,178.14,3.336,2,1,6.39708058854437
1,23.88,1295.6,1,335.4,123.08,3.602,1,1,6.68603299115695
2,25.67,657.4,1,261.39,126.36,2.238,1,1,4.62638394587071
3,22.11,1817.4,1,78.03,179.15,4.751,2,1,8.72212395943661
3,25.37,1389.2,1,139.7,111.05,3.607,2,1,6.68387171446941
1,22.99,1081.1,1,107.94,128.19,3.31,1,1,5.15734569802583
1,25.54,959,1,500,130.5,2.803,1,1,6.23562026714349
1,22.7,914.6,1,133.35,67.21,3.038,1,1,4.80686748998909
3,22.58,1334.1,1,267.8,157.66,3.817,1,1,7.72546014906285
2,25.96,861.1,1,171.35,175.06,2.577,1,3,4.91802236907388
1,18.25,1112,1,172.26,132.29,3.893,2,1,6.18469702093013
3,23.72,1108.7,1,202.98,301.41,3.279,3,1,6.77062098409949
1,24.18,943,1,154.82,125.72,2.925,3,1,4.651062763032
2,17.26,935.9,1,234.27,175.75,3.682,3,1,7.01680571335675
1,24.11,1135.5,1,208.62,172.18,3.285,1,1,6.13384937391702
1,16.49,576,1,80.43,192.56,3.11,2,1,4.68033279473256
2,25.65,985.2,1,129.92,163.62,2.839,2,1,5.27400356246127
2,22.87,1069.1,1,131.71,124.86,3.301,3,1,5.51751927057812
1,20.92,953.4,1,132.68,174.54,3.307,1,1,5.40196231093295
2,23.98,916.7,1,258.56,152.12,2.899,2,2,6.04588064221777
1,27.12,920.5,1,309.26,151.44,2.557,1,3,5.1724059959494
1,21.09,989.1,1,111.21,187.08,3.352,1,3,5.23290578816747
1,24.67,1017.4,1,207,191.54,3.006,2,2,5.86431284678563
1,24.02,853.6,1,100.1,135.41,2.779,2,1,5.48227105165316
1,19.46,1352.7,1,129.84,114.37,4.197,2,2,7.16729481087496
1,17.78,1131,1,186.71,245.11,3.98,1,1,7.29298122209183
1,17.02,1397.5,1,151.81,139.16,4.551,2,1,7.28696824843518
1,24.65,924.4,1,123.21,115.02,2.838,2,1,5.21838350288949
1,22.9,990.4,1,96.44,89.31,3.154,3,3,4.8706269871196
1,28.55,818.9,1,144.09,153.23,2.212,2,1,4.79682633496998
1,24.72,614.9,1,168.19,161.41,2.266,3,3,3.90783311073339
2,26.12,1171.8,1,208.83,82.02,3.126,1,2,6.00195634696987
1,27,946.1,1,113.41,74.71,2.617,2,2,4.86743562387775
1,21.5,1095.2,1,211.02,147.51,3.501,3,1,6.62653302661448
2,25.28,770.1,1,100.35,94.5,2.488,1,2,4.57934223738871
3,24.3,1655.6,1,130.45,247.33,4.212,3,2,7.80955193444483
1,27.11,1281.1,1,199.15,83.15,3.216,3,1,6.37547528631012
1,25.29,1207.7,1,122.58,68.35,3.285,3,1,5.64053441456088
1,24.26,1074.2,2,118.14,131.78,3.155,2,3,6.08312029087711
1,20.4,1221.7,1,161.21,167.31,3.855,1,2,6.86897785090239
1,25.19,1204.6,1,166.98,145.73,3.29,2,1,6.53088144756824
3,23.75,1627.5,1,244.59,128.83,4.222,1,1,7.90147863220253
1,24.9,1248,1,148.97,160.82,3.401,1,1,6.21870392617359
2,25.06,935.8,1,79.9,96.65,2.814,3,3,4.70887234143772
1,22.39,1109.9,1,124.51,150.34,3.428,2,1,6.2940847860567
1,22.77,1140.3,1,125.86,93.88,3.442,1,1,5.95126035356286
1,25.06,1315,1,110.72,95.11,3.506,1,1,6.12496874435654
3,23.26,1178.5,1,188.58,142.52,3.457,2,3,6.78351245294271
1,20.51,619.1,1,475.8,163.16,2.742,2,1,5.36194999116006
3,22.56,1689.1,1,230.44,92.42,4.466,1,1,8.36451905134883
1,19.04,1153.7,2,154.02,68.28,3.881,1,2,6.18281463500852
3,21.55,1014.5,1,203.7,86.19,3.348,3,2,5.77630776576774
1,22.57,1009,1,303.5,55.94,3.225,1,2,5.66005297487612
1,17.61,1057.3,1,144.25,143.94,3.865,3,3,6.59964166002078
3,20.47,1427.2,1,218.1,176.21,4.222,2,2,7.66461029556345
2,26.76,1379.4,1,208.8,302.46,3.435,3,1,7.04040476463413
1,21.27,1032,1,156.14,91.37,3.411,3,2,6.04061712465668
1,17.44,1035.1,1,168.48,110.21,3.842,2,1,6.39316654914449
1,22.66,1358.7,1,216.94,129.54,3.852,2,1,7.31408087474624
1,26.96,1218.6,1,162.66,151.05,3.118,2,1,5.91614525640624
3,23.99,704.9,1,142.41,95.37,2.511,1,1,4.38717708721274
2,25.1,957.4,1,127.82,205.33,2.849,1,1,5.0237532328558
3,24.78,950.6,1,186.11,114.85,2.873,1,3,4.99654123490606
2,22.07,1037.3,1,160.69,210.49,3.332,3,1,5.73439073393687
3,24.09,1510.8,1,140.47,65.95,3.971,3,1,6.63862251158076
1,21.24,1064.8,1,177.29,126.48,3.474,1,1,5.60459715237809
1,23,1480,1,118.46,158.48,4.036,3,2,6.73112467668745
1,29.64,1436.9,1,117,109.25,3.219,3,2,6.31354099509011
1,25.91,1034.8,1,294.71,109.91,2.9,2,1,6.06504195386357
1,25.3,977.4,1,113.14,102.42,2.863,2,3,5.25406615576701
1,19.68,1032.4,1,188.09,142.31,3.589,3,1,6.3523190490981
1,20.64,1201.9,1,109.04,238.04,3.791,1,1,6.68858125250876
1,29.85,974.3,1,149.14,86.27,2.351,1,1,3.89809101601579
1,19.72,1134.7,1,194.14,130.08,3.771,3,1,7.02839556395957
3,23.32,1152.4,1,107.15,109.72,3.403,3,2,5.63284511442606
3,24.34,1222.5,1,211.76,254.53,3.417,1,2,7.00677410410452
1,26.06,943.8,1,180.51,319.83,2.718,1,1,5.18667789880261
3,24.63,1517.8,1,143.8,169.76,3.924,2,2,7.56049851367717
1,22.51,1025.2,1,182.55,139.99,3.261,2,1,5.95881174538669
